<?xml version="1.0" encoding="UTF-8" standalone="yes"?>
<PcGts xmlns="http://schema.primaresearch.org/PAGE/gts/pagecontent/2013-07-15" xmlns:xsi="http://www.w3.org/2001/XMLSchema-instance" xsi:schemaLocation="http://schema.primaresearch.org/PAGE/gts/pagecontent/2013-07-15 http://schema.primaresearch.org/PAGE/gts/pagecontent/2013-07-15/pagecontent.xsd">
    <Metadata>
        <Creator>prov=READ-COOP:name=PyLaia@TranskribusPlatform:version=0.6.6:model_id=39995:lm=none:date=11_03_2022_11:02
prov=READ-COOP:name=PyLaia@Transkribus:version=0.6.6:model_id=39995:date=11_03_2022_10:59
prov=University of Rostock/Institute of Mathematics/CITlab|PLANET AI GmbH/Tobias Gruening/tobias.gruening@planet-ai.de:name=de.uros.citlab.module.baseline2polygon.B2PSeamMultiOriented:v=2.6.7</Creator>
        <Created>2022-03-04T11:05:42.134+01:00</Created>
        <LastChange>2022-04-20T12:15:12.031+02:00</LastChange>
        <TranskribusMetadata docId="935394" pageId="35622224" pageNr="194" tsid="80751818" status="DONE" userId="55582" imgUrl="https://files.transkribus.eu/Get?id=BJBXNXIZICEFCSMBSBJVLXNV&amp;fileType=view" xmlUrl="https://files.transkribus.eu/Get?id=LDYMXIHWBSXBBNXPXLOLMUUE" imageId="28691464"/>
    </Metadata>
    <Page imageFilename="Protokoll-Zionistenkongress-Basel_1897-0194.jpg" imageWidth="4299" imageHeight="6944">
        <ReadingOrder>
            <OrderedGroup id="ro_1651065860951" caption="Regions reading order">
                <RegionRefIndexed index="0" regionRef="r1"/>
            </OrderedGroup>
        </ReadingOrder>
        <TextRegion orientation="0.0" id="r1" custom="readingOrder {index:0;}">
            <Coords points="458,0 458,3029 3852,3029 3852,0"/>
            <TextLine id="r1l1" custom="readingOrder {index:0;}">
                <Coords points="3575,70 3596,70 3604,79 3629,54 3642,50 3659,63 3671,55 3684,64 3713,60 3716,-66 3686,-62 3652,-33 3648,-38 3631,-30 3623,-38 3602,-26 3577,-31"/>
                <Baseline points="3598,0 3630,11 3662,14 3694,0"/>
                <TextEquiv>
                    <Unicode> </Unicode>
                </TextEquiv>
            </TextLine>
            <TextLine id="r1l2" custom="readingOrder {index:1;}">
                <Coords points="3160,26 3185,24 3195,31 3210,21 3224,33 3252,17 3286,18 3270,-149 3245,-147 3207,-101 3184,-120 3169,-105 3148,-103"/>
                <Baseline points="3182,14 3209,16 3236,11 3264,8"/>
                <TextEquiv>
                    <Unicode> </Unicode>
                </TextEquiv>
            </TextLine>
            <TextLine id="r1l3" custom="readingOrder {index:2;}">
                <Coords points="3212,76 3246,74 3250,79 3279,81 3291,94 3312,96 3321,-34 3300,-36 3273,-12 3269,-17 3251,-1 3218,-3"/>
                <Baseline points="3236,42 3266,46 3296,46"/>
                <TextEquiv>
                    <Unicode> </Unicode>
                </TextEquiv>
            </TextLine>
            <TextLine id="r1l4" custom="readingOrder {index:3;}">
                <Coords points="1916,639 1958,635 1983,610 2021,614 2042,635 2361,625 2360,533 2306,546 2238,504 2058,504 2020,542 1915,543"/>
                <Baseline points="1936,608 1961,610 1986,611 2011,613 2036,614 2061,614 2086,614 2111,614 2137,614 2162,614 2187,612 2212,612 2237,612 2262,610 2287,610 2312,610 2338,610"/>
                <Word id="r1l4_w1" custom="readingOrder {index:0;}">
                    <Coords points="1928,574 1928,634 2211,634 2211,574"/>
                    <TextEquiv>
                        <Unicode>192</Unicode>
                    </TextEquiv>
                </Word>
                <TextEquiv>
                    <Unicode>192</Unicode>
                </TextEquiv>
            </TextLine>
            <TextLine id="r1l5" custom="readingOrder {index:4;}">
                <Coords points="439,916 3838,864 3836,742 3680,707 437,778"/>
                <Baseline points="458,884 625,882 793,878 961,876 1129,872 1297,870 1464,866 1632,864 1800,860 1968,858 2136,854 2303,852 2471,850 2639,846 2807,844 2975,842 3142,839 3310,836 3478,834 3646,832 3814,830"/>
                <Word id="r1l5_w1" custom="readingOrder {index:0;}">
                    <Coords points="448,842 448,902 745,902 745,842"/>
                    <TextEquiv>
                        <Unicode>jenigen</Unicode>
                    </TextEquiv>
                </Word>
                <Word id="r1l5_w2" custom="readingOrder {index:1;}">
                    <Coords points="822,834 822,894 1207,894 1207,834"/>
                    <TextEquiv>
                        <Unicode>muthigen</Unicode>
                    </TextEquiv>
                </Word>
                <Word id="r1l5_w3" custom="readingOrder {index:2;}">
                    <Coords points="1283,826 1283,886 1602,886 1602,826"/>
                    <TextEquiv>
                        <Unicode>Manne,</Unicode>
                    </TextEquiv>
                </Word>
                <Word id="r1l5_w4" custom="readingOrder {index:3;}">
                    <Coords points="1668,821 1668,881 1801,881 1801,821"/>
                    <TextEquiv>
                        <Unicode>dem</Unicode>
                    </TextEquiv>
                </Word>
                <Word id="r1l5_w5" custom="readingOrder {index:4;}">
                    <Coords points="1899,818 1899,878 2032,878 2032,818"/>
                    <TextEquiv>
                        <Unicode>wir</Unicode>
                    </TextEquiv>
                </Word>
                <Word id="r1l5_w6" custom="readingOrder {index:5;}">
                    <Coords points="2098,813 2098,873 2175,873 2175,813"/>
                    <TextEquiv>
                        <Unicode>es</Unicode>
                    </TextEquiv>
                </Word>
                <Word id="r1l5_w7" custom="readingOrder {index:6;}">
                    <Coords points="2240,808 2240,868 2813,868 2813,808"/>
                    <TextEquiv>
                        <Unicode>hauptsächlich</Unicode>
                    </TextEquiv>
                </Word>
                <Word id="r1l5_w8" custom="readingOrder {index:7;}">
                    <Coords points="2889,802 2889,862 2978,862 2978,802"/>
                    <TextEquiv>
                        <Unicode>zu</Unicode>
                    </TextEquiv>
                </Word>
                <Word id="r1l5_w9" custom="readingOrder {index:8;}">
                    <Coords points="3055,796 3055,856 3472,856 3472,796"/>
                    <TextEquiv>
                        <Unicode>verdanken</Unicode>
                    </TextEquiv>
                </Word>
                <Word id="r1l5_w10" custom="readingOrder {index:9;}">
                    <Coords points="3561,791 3561,851 3848,851 3848,791"/>
                    <TextEquiv>
                        <Unicode>haben,</Unicode>
                    </TextEquiv>
                </Word>
                <TextEquiv>
                    <Unicode>jenigen muthigen Manne, dem wir es hauptsächlich zu verdanken haben,</Unicode>
                </TextEquiv>
            </TextLine>
            <TextLine id="r1l6" custom="readingOrder {index:5;}">
                <Coords points="458,1004 3504,981 3827,950 3826,866 456,920"/>
                <Baseline points="478,986 644,984 810,982 977,978 1143,976 1310,974 1476,970 1642,968 1809,964 1975,962 2142,960 2308,956 2474,954 2641,950 2807,948 2974,944 3140,942 3306,938 3473,936 3639,932 3806,930"/>
                <Word id="r1l6_w1" custom="readingOrder {index:0;}">
                    <Coords points="467,945 467,1005 584,1005 584,945"/>
                    <TextEquiv>
                        <Unicode>das</Unicode>
                    </TextEquiv>
                </Word>
                <Word id="r1l6_w2" custom="readingOrder {index:1;}">
                    <Coords points="679,942 679,1002 817,1002 817,942"/>
                    <TextEquiv>
                        <Unicode>wir</Unicode>
                    </TextEquiv>
                </Word>
                <Word id="r1l6_w3" custom="readingOrder {index:2;}">
                    <Coords points="893,938 893,998 1031,998 1031,938"/>
                    <TextEquiv>
                        <Unicode>aus</Unicode>
                    </TextEquiv>
                </Word>
                <Word id="r1l6_w4" custom="readingOrder {index:3;}">
                    <Coords points="1116,935 1116,995 1309,995 1309,935"/>
                    <TextEquiv>
                        <Unicode>aller</Unicode>
                    </TextEquiv>
                </Word>
                <Word id="r1l6_w5" custom="readingOrder {index:4;}">
                    <Coords points="1394,929 1394,989 1682,989 1682,929"/>
                    <TextEquiv>
                        <Unicode>Herren</Unicode>
                    </TextEquiv>
                </Word>
                <Word id="r1l6_w6" custom="readingOrder {index:5;}">
                    <Coords points="1788,922 1788,982 2098,982 2098,922"/>
                    <TextEquiv>
                        <Unicode>Länder</Unicode>
                    </TextEquiv>
                </Word>
                <Word id="r1l6_w7" custom="readingOrder {index:6;}">
                    <Coords points="2183,917 2183,977 2344,977 2344,917"/>
                    <TextEquiv>
                        <Unicode>hier</Unicode>
                    </TextEquiv>
                </Word>
                <Word id="r1l6_w8" custom="readingOrder {index:7;}">
                    <Coords points="2407,909 2407,969 2897,969 2897,909"/>
                    <TextEquiv>
                        <Unicode>versammelt</Unicode>
                    </TextEquiv>
                </Word>
                <Word id="r1l6_w9" custom="readingOrder {index:8;}">
                    <Coords points="2972,902 2972,962 3186,962 3186,902"/>
                    <TextEquiv>
                        <Unicode>sind,</Unicode>
                    </TextEquiv>
                </Word>
                <Word id="r1l6_w10" custom="readingOrder {index:9;}">
                    <Coords points="3271,897 3271,957 3356,957 3356,897"/>
                    <TextEquiv>
                        <Unicode>um</Unicode>
                    </TextEquiv>
                </Word>
                <Word id="r1l6_w11" custom="readingOrder {index:10;}">
                    <Coords points="3463,894 3463,954 3591,954 3591,894"/>
                    <TextEquiv>
                        <Unicode>für</Unicode>
                    </TextEquiv>
                </Word>
                <Word id="r1l6_w12" custom="readingOrder {index:11;}">
                    <Coords points="3686,890 3686,950 3803,950 3803,890"/>
                    <TextEquiv>
                        <Unicode>die</Unicode>
                    </TextEquiv>
                </Word>
                <TextEquiv>
                    <Unicode>das wir aus aller Herren Länder hier versammelt sind, um für die</Unicode>
                </TextEquiv>
            </TextLine>
            <TextLine id="r1l7" custom="readingOrder {index:6;}">
                <Coords points="451,1126 3820,1053 3688,941 449,996"/>
                <Baseline points="472,1088 638,1086 804,1084 970,1082 1137,1080 1303,1077 1469,1074 1636,1072 1802,1068 1968,1066 2135,1064 2301,1060 2467,1058 2633,1054 2800,1052 2966,1048 3132,1046 3299,1042 3465,1040 3631,1037 3798,1034"/>
                <Word id="r1l7_w1" custom="readingOrder {index:0;}">
                    <Coords points="460,1046 460,1106 796,1106 796,1046"/>
                    <TextEquiv>
                        <Unicode>Zukunft</Unicode>
                    </TextEquiv>
                </Word>
                <Word id="r1l7_w2" custom="readingOrder {index:1;}">
                    <Coords points="850,1041 850,1101 1164,1101 1164,1041"/>
                    <TextEquiv>
                        <Unicode>unseres</Unicode>
                    </TextEquiv>
                </Word>
                <Word id="r1l7_w3" custom="readingOrder {index:2;}">
                    <Coords points="1228,1035 1228,1095 1510,1095 1510,1035"/>
                    <TextEquiv>
                        <Unicode>Volkes</Unicode>
                    </TextEquiv>
                </Word>
                <Word id="r1l7_w4" custom="readingOrder {index:3;}">
                    <Coords points="1576,1032 1576,1092 1662,1092 1662,1032"/>
                    <TextEquiv>
                        <Unicode>zu</Unicode>
                    </TextEquiv>
                </Word>
                <Word id="r1l7_w5" custom="readingOrder {index:4;}">
                    <Coords points="1727,1026 1727,1086 2052,1086 2052,1026"/>
                    <TextEquiv>
                        <Unicode>sorgen.</Unicode>
                    </TextEquiv>
                </Word>
                <Word id="r1l7_w6" custom="readingOrder {index:5;}">
                    <Coords points="2139,1022 2139,1082 2269,1082 2269,1022"/>
                    <TextEquiv>
                        <Unicode>Ich</Unicode>
                    </TextEquiv>
                </Word>
                <Word id="r1l7_w7" custom="readingOrder {index:6;}">
                    <Coords points="2366,1017 2366,1077 2594,1077 2594,1017"/>
                    <TextEquiv>
                        <Unicode>meine</Unicode>
                    </TextEquiv>
                </Word>
                <Word id="r1l7_w8" custom="readingOrder {index:7;}">
                    <Coords points="2669,1012 2669,1072 2789,1072 2789,1012"/>
                    <TextEquiv>
                        <Unicode>den</Unicode>
                    </TextEquiv>
                </Word>
                <Word id="r1l7_w9" custom="readingOrder {index:8;}">
                    <Coords points="2864,1005 2864,1065 3471,1065 3471,1005"/>
                    <TextEquiv>
                        <Unicode>hochverehrten</Unicode>
                    </TextEquiv>
                </Word>
                <Word id="r1l7_w10" custom="readingOrder {index:9;}">
                    <Coords points="3559,995 3559,1055 3817,1055 3817,995"/>
                    <TextEquiv>
                        <Unicode>Präsi¬</Unicode>
                    </TextEquiv>
                </Word>
                <TextEquiv>
                    <Unicode>Zukunft unseres Volkes zu sorgen. Ich meine den hochverehrten Präsi¬</Unicode>
                </TextEquiv>
            </TextLine>
            <TextLine id="r1l8" custom="readingOrder {index:7;} person {offset:23; length:23;}">
                <Coords points="457,1209 3831,1186 3829,1056 455,1121"/>
                <Baseline points="478,1194 644,1192 811,1190 977,1186 1144,1184 1311,1181 1477,1178 1644,1176 1810,1172 1977,1170 2144,1167 2310,1164 2477,1162 2643,1158 2810,1156 2977,1152 3143,1150 3310,1148 3476,1144 3643,1142 3810,1138"/>
                <Word id="r1l8_w1" custom="readingOrder {index:0;}">
                    <Coords points="467,1152 467,1212 722,1212 722,1152"/>
                    <TextEquiv>
                        <Unicode>denten</Unicode>
                    </TextEquiv>
                </Word>
                <Word id="r1l8_w2" custom="readingOrder {index:1;}">
                    <Coords points="833,1147 833,1207 968,1207 968,1147"/>
                    <TextEquiv>
                        <Unicode>des</Unicode>
                    </TextEquiv>
                </Word>
                <Word id="r1l8_w3" custom="readingOrder {index:2;}">
                    <Coords points="1034,1141 1034,1201 1535,1201 1535,1141"/>
                    <TextEquiv>
                        <Unicode>Congresses,</Unicode>
                    </TextEquiv>
                </Word>
                <Word id="r1l8_w4" custom="readingOrder {index:3;}">
                    <Coords points="1613,1133 1613,1193 1857,1193 1857,1133"/>
                    <TextEquiv>
                        <Unicode>Herrn</Unicode>
                    </TextEquiv>
                </Word>
                <Word id="r1l8_w5" custom="readingOrder {index:4;}">
                    <Coords points="1948,1129 1948,1189 2103,1189 2103,1129"/>
                    <TextEquiv>
                        <Unicode>Dr.</Unicode>
                    </TextEquiv>
                </Word>
                <Word id="r1l8_w6" custom="readingOrder {index:5;}">
                    <Coords points="2158,1123 2158,1183 2504,1183 2504,1123"/>
                    <TextEquiv>
                        <Unicode>Theodor</Unicode>
                    </TextEquiv>
                </Word>
                <Word id="r1l8_w7" custom="readingOrder {index:6;}">
                    <Coords points="2571,1116 2571,1176 2894,1176 2894,1116"/>
                    <TextEquiv>
                        <Unicode>Herzl.</Unicode>
                    </TextEquiv>
                </Word>
                <Word id="r1l8_w8" custom="readingOrder {index:7;}">
                    <Coords points="2983,1110 2983,1170 3160,1170 3160,1110"/>
                    <TextEquiv>
                        <Unicode>(Die</Unicode>
                    </TextEquiv>
                </Word>
                <Word id="r1l8_w9" custom="readingOrder {index:8;}">
                    <Coords points="3227,1103 3227,1163 3795,1163 3795,1103"/>
                    <TextEquiv>
                        <Unicode>Versammlung</Unicode>
                    </TextEquiv>
                </Word>
                <TextEquiv>
                    <Unicode>denten des Congresses, Herrn Dr. Theodor Herzl. (Die Versammlung</Unicode>
                </TextEquiv>
            </TextLine>
            <TextLine id="r1l9" custom="readingOrder {index:8;}">
                <Coords points="466,1319 3848,1277 3729,1157 464,1218"/>
                <Baseline points="486,1298 653,1296 820,1292 987,1290 1154,1288 1321,1284 1488,1282 1655,1279 1822,1276 1989,1274 2157,1272 2324,1268 2491,1266 2658,1264 2825,1260 2992,1258 3159,1256 3326,1252 3493,1250 3660,1246 3828,1244"/>
                <Word id="r1l9_w1" custom="readingOrder {index:0;}">
                    <Coords points="475,1256 475,1316 726,1316 726,1256"/>
                    <TextEquiv>
                        <Unicode>erhebt</Unicode>
                    </TextEquiv>
                </Word>
                <Word id="r1l9_w2" custom="readingOrder {index:1;}">
                    <Coords points="792,1251 792,1311 935,1311 935,1251"/>
                    <TextEquiv>
                        <Unicode>sich</Unicode>
                    </TextEquiv>
                </Word>
                <Word id="r1l9_w3" custom="readingOrder {index:2;}">
                    <Coords points="1022,1248 1022,1308 1142,1308 1142,1248"/>
                    <TextEquiv>
                        <Unicode>von</Unicode>
                    </TextEquiv>
                </Word>
                <Word id="r1l9_w4" custom="readingOrder {index:3;}">
                    <Coords points="1229,1244 1229,1304 1351,1304 1351,1244"/>
                    <TextEquiv>
                        <Unicode>den</Unicode>
                    </TextEquiv>
                </Word>
                <Word id="r1l9_w5" custom="readingOrder {index:4;}">
                    <Coords points="1427,1240 1427,1300 1678,1300 1678,1240"/>
                    <TextEquiv>
                        <Unicode>Sitzen</Unicode>
                    </TextEquiv>
                </Word>
                <Word id="r1l9_w6" custom="readingOrder {index:5;}">
                    <Coords points="1756,1236 1756,1296 1887,1296 1887,1236"/>
                    <TextEquiv>
                        <Unicode>und</Unicode>
                    </TextEquiv>
                </Word>
                <Word id="r1l9_w7" custom="readingOrder {index:6;}">
                    <Coords points="1963,1232 1963,1292 2216,1292 2216,1232"/>
                    <TextEquiv>
                        <Unicode>bricht</Unicode>
                    </TextEquiv>
                </Word>
                <Word id="r1l9_w8" custom="readingOrder {index:7;}">
                    <Coords points="2281,1228 2281,1288 2336,1288 2336,1228"/>
                    <TextEquiv>
                        <Unicode>in</Unicode>
                    </TextEquiv>
                </Word>
                <Word id="r1l9_w9" custom="readingOrder {index:8;}">
                    <Coords points="2412,1224 2412,1284 2795,1284 2795,1224"/>
                    <TextEquiv>
                        <Unicode>Hochrufe</Unicode>
                    </TextEquiv>
                </Word>
                <Word id="r1l9_w10" custom="readingOrder {index:9;}">
                    <Coords points="2861,1218 2861,1278 3069,1278 3069,1218"/>
                    <TextEquiv>
                        <Unicode>aus.)</Unicode>
                    </TextEquiv>
                </Word>
                <Word id="r1l9_w11" custom="readingOrder {index:10;}">
                    <Coords points="3113,1212 3113,1272 3474,1272 3474,1212"/>
                    <TextEquiv>
                        <Unicode>Zugleich</Unicode>
                    </TextEquiv>
                </Word>
                <Word id="r1l9_w12" custom="readingOrder {index:11;}">
                    <Coords points="3551,1205 3551,1265 3812,1265 3812,1205"/>
                    <TextEquiv>
                        <Unicode>glaube</Unicode>
                    </TextEquiv>
                </Word>
                <TextEquiv>
                    <Unicode>erhebt sich von den Sitzen und bricht in Hochrufe aus.) Zugleich glaube</Unicode>
                </TextEquiv>
            </TextLine>
            <TextLine id="r1l10" custom="readingOrder {index:9;}">
                <Coords points="448,1432 3754,1393 3824,1287 446,1323"/>
                <Baseline points="470,1402 636,1400 803,1397 970,1394 1137,1392 1304,1388 1470,1386 1637,1384 1804,1380 1971,1378 2138,1376 2304,1374 2471,1370 2638,1368 2805,1364 2972,1362 3138,1358 3305,1355 3472,1352 3639,1348 3806,1344"/>
                <Word id="r1l10_w1" custom="readingOrder {index:0;}">
                    <Coords points="446,1361 446,1421 553,1421 553,1361"/>
                    <TextEquiv>
                        <Unicode>ich</Unicode>
                    </TextEquiv>
                </Word>
                <Word id="r1l10_w2" custom="readingOrder {index:1;}">
                    <Coords points="660,1358 660,1418 724,1418 724,1358"/>
                    <TextEquiv>
                        <Unicode>im</Unicode>
                    </TextEquiv>
                </Word>
                <Word id="r1l10_w3" custom="readingOrder {index:2;}">
                    <Coords points="821,1354 821,1414 1045,1414 1045,1354"/>
                    <TextEquiv>
                        <Unicode>Sinne</Unicode>
                    </TextEquiv>
                </Word>
                <Word id="r1l10_w4" custom="readingOrder {index:3;}">
                    <Coords points="1153,1350 1153,1410 1282,1410 1282,1350"/>
                    <TextEquiv>
                        <Unicode>der</Unicode>
                    </TextEquiv>
                </Word>
                <Word id="r1l10_w5" custom="readingOrder {index:4;}">
                    <Coords points="1346,1340 1346,1400 2182,1400 2182,1340"/>
                    <TextEquiv>
                        <Unicode>Congressmitglieder</Unicode>
                    </TextEquiv>
                </Word>
                <Word id="r1l10_w6" custom="readingOrder {index:5;}">
                    <Coords points="2257,1334 2257,1394 2344,1394 2344,1334"/>
                    <TextEquiv>
                        <Unicode>zu</Unicode>
                    </TextEquiv>
                </Word>
                <Word id="r1l10_w7" custom="readingOrder {index:6;}">
                    <Coords points="2429,1328 2429,1388 2847,1388 2847,1328"/>
                    <TextEquiv>
                        <Unicode>sprechen,</Unicode>
                    </TextEquiv>
                </Word>
                <Word id="r1l10_w8" custom="readingOrder {index:7;}">
                    <Coords points="2923,1320 2923,1380 3115,1380 3115,1320"/>
                    <TextEquiv>
                        <Unicode>wenn</Unicode>
                    </TextEquiv>
                </Word>
                <Word id="r1l10_w9" custom="readingOrder {index:8;}">
                    <Coords points="3190,1316 3190,1376 3298,1376 3298,1316"/>
                    <TextEquiv>
                        <Unicode>ich</Unicode>
                    </TextEquiv>
                </Word>
                <Word id="r1l10_w10" custom="readingOrder {index:9;}">
                    <Coords points="3383,1312 3383,1372 3512,1372 3512,1312"/>
                    <TextEquiv>
                        <Unicode>den</Unicode>
                    </TextEquiv>
                </Word>
                <Word id="r1l10_w11" custom="readingOrder {index:10;}">
                    <Coords points="3588,1306 3588,1366 3822,1366 3822,1306"/>
                    <TextEquiv>
                        <Unicode>hoch¬</Unicode>
                    </TextEquiv>
                </Word>
                <TextEquiv>
                    <Unicode>ich im Sinne der Congressmitglieder zu sprechen, wenn ich den hoch¬</Unicode>
                </TextEquiv>
            </TextLine>
            <TextLine id="r1l11" custom="readingOrder {index:10;}">
                <Coords points="466,1545 3835,1469 3833,1376 3581,1364 464,1428"/>
                <Baseline points="486,1508 652,1504 818,1500 985,1498 1151,1494 1318,1492 1484,1490 1650,1486 1817,1484 1983,1482 2150,1478 2316,1476 2482,1474 2649,1472 2815,1468 2982,1466 3148,1462 3314,1460 3481,1456 3647,1454 3814,1450"/>
                <Word id="r1l11_w1" custom="readingOrder {index:0;}">
                    <Coords points="464,1464 464,1524 813,1524 813,1464"/>
                    <TextEquiv>
                        <Unicode>geehrten</Unicode>
                    </TextEquiv>
                </Word>
                <Word id="r1l11_w2" custom="readingOrder {index:1;}">
                    <Coords points="891,1457 891,1517 1131,1517 1131,1457"/>
                    <TextEquiv>
                        <Unicode>Herrn</Unicode>
                    </TextEquiv>
                </Word>
                <Word id="r1l11_w3" custom="readingOrder {index:2;}">
                    <Coords points="1196,1450 1196,1510 1688,1510 1688,1450"/>
                    <TextEquiv>
                        <Unicode>Präsidenten</Unicode>
                    </TextEquiv>
                </Word>
                <Word id="r1l11_w4" custom="readingOrder {index:3;}">
                    <Coords points="1766,1442 1766,1502 2060,1502 2060,1442"/>
                    <TextEquiv>
                        <Unicode>innigst</Unicode>
                    </TextEquiv>
                </Word>
                <Word id="r1l11_w5" custom="readingOrder {index:4;}">
                    <Coords points="2126,1436 2126,1496 2356,1496 2356,1436"/>
                    <TextEquiv>
                        <Unicode>bitte,</Unicode>
                    </TextEquiv>
                </Word>
                <Word id="r1l11_w6" custom="readingOrder {index:5;}">
                    <Coords points="2400,1433 2400,1493 2576,1493 2576,1433"/>
                    <TextEquiv>
                        <Unicode>dass</Unicode>
                    </TextEquiv>
                </Word>
                <Word id="r1l11_w7" custom="readingOrder {index:6;}">
                    <Coords points="2641,1430 2641,1490 2750,1490 2750,1430"/>
                    <TextEquiv>
                        <Unicode>die</Unicode>
                    </TextEquiv>
                </Word>
                <Word id="r1l11_w8" custom="readingOrder {index:7;}">
                    <Coords points="2815,1426 2815,1486 3144,1486 3144,1426"/>
                    <TextEquiv>
                        <Unicode>schwere</Unicode>
                    </TextEquiv>
                </Word>
                <Word id="r1l11_w9" custom="readingOrder {index:8;}">
                    <Coords points="3198,1419 3198,1479 3505,1479 3505,1419"/>
                    <TextEquiv>
                        <Unicode>Arbeit,</Unicode>
                    </TextEquiv>
                </Word>
                <Word id="r1l11_w10" custom="readingOrder {index:9;}">
                    <Coords points="3560,1414 3560,1474 3669,1474 3669,1414"/>
                    <TextEquiv>
                        <Unicode>die</Unicode>
                    </TextEquiv>
                </Word>
                <Word id="r1l11_w11" custom="readingOrder {index:10;}">
                    <Coords points="3734,1411 3734,1471 3810,1471 3810,1411"/>
                    <TextEquiv>
                        <Unicode>er</Unicode>
                    </TextEquiv>
                </Word>
                <TextEquiv>
                    <Unicode>geehrten Herrn Präsidenten innigst bitte, dass die schwere Arbeit, die er</Unicode>
                </TextEquiv>
            </TextLine>
            <TextLine id="r1l12" custom="readingOrder {index:11;}">
                <Coords points="463,1629 3833,1599 3831,1494 3537,1457 462,1549"/>
                <Baseline points="486,1610 652,1608 818,1606 984,1602 1150,1600 1317,1598 1483,1594 1649,1592 1815,1590 1981,1587 2148,1584 2314,1582 2480,1580 2646,1576 2812,1574 2979,1570 3145,1568 3311,1564 3477,1562 3643,1558 3810,1554"/>
                <Word id="r1l12_w1" custom="readingOrder {index:0;}">
                    <Coords points="473,1567 473,1627 884,1627 884,1567"/>
                    <TextEquiv>
                        <Unicode>verrichtet</Unicode>
                    </TextEquiv>
                </Word>
                <Word id="r1l12_w2" custom="readingOrder {index:1;}">
                    <Coords points="949,1561 949,1621 1080,1621 1080,1561"/>
                    <TextEquiv>
                        <Unicode>und</Unicode>
                    </TextEquiv>
                </Word>
                <Word id="r1l12_w3" custom="readingOrder {index:2;}">
                    <Coords points="1166,1559 1166,1619 1274,1619 1274,1559"/>
                    <TextEquiv>
                        <Unicode>die</Unicode>
                    </TextEquiv>
                </Word>
                <Word id="r1l12_w4" custom="readingOrder {index:3;}">
                    <Coords points="1340,1556 1340,1616 1458,1616 1458,1556"/>
                    <TextEquiv>
                        <Unicode>ihm</Unicode>
                    </TextEquiv>
                </Word>
                <Word id="r1l12_w5" custom="readingOrder {index:4;}">
                    <Coords points="1555,1552 1555,1612 1729,1612 1729,1552"/>
                    <TextEquiv>
                        <Unicode>noch</Unicode>
                    </TextEquiv>
                </Word>
                <Word id="r1l12_w6" custom="readingOrder {index:5;}">
                    <Coords points="1805,1545 1805,1605 2293,1605 2293,1545"/>
                    <TextEquiv>
                        <Unicode>bevorsteht,</Unicode>
                    </TextEquiv>
                </Word>
                <Word id="r1l12_w7" custom="readingOrder {index:6;}">
                    <Coords points="2346,1540 2346,1600 2477,1600 2477,1540"/>
                    <TextEquiv>
                        <Unicode>und</Unicode>
                    </TextEquiv>
                </Word>
                <Word id="r1l12_w8" custom="readingOrder {index:7;}">
                    <Coords points="2531,1536 2531,1596 2716,1596 2716,1536"/>
                    <TextEquiv>
                        <Unicode>dann</Unicode>
                    </TextEquiv>
                </Word>
                <Word id="r1l12_w9" custom="readingOrder {index:8;}">
                    <Coords points="2770,1533 2770,1593 2877,1593 2877,1533"/>
                    <TextEquiv>
                        <Unicode>die</Unicode>
                    </TextEquiv>
                </Word>
                <Word id="r1l12_w10" custom="readingOrder {index:9;}">
                    <Coords points="2931,1523 2931,1583 3843,1583 3843,1523"/>
                    <TextEquiv>
                        <Unicode>Unannehmlichkeiten,</Unicode>
                    </TextEquiv>
                </Word>
                <TextEquiv>
                    <Unicode>verrichtet und die ihm noch bevorsteht, und dann die Unannehmlichkeiten,</Unicode>
                </TextEquiv>
            </TextLine>
            <TextLine id="r1l13" custom="readingOrder {index:12;}">
                <Coords points="479,1755 3835,1694 3686,1575 477,1641"/>
                <Baseline points="500,1718 665,1715 831,1712 997,1709 1162,1706 1328,1704 1494,1701 1659,1698 1825,1696 1991,1694 2157,1690 2322,1688 2488,1686 2654,1682 2819,1680 2985,1677 3151,1674 3316,1670 3482,1667 3648,1664 3814,1660"/>
                <Word id="r1l13_w1" custom="readingOrder {index:0;}">
                    <Coords points="487,1675 487,1735 757,1735 757,1675"/>
                    <TextEquiv>
                        <Unicode>welche</Unicode>
                    </TextEquiv>
                </Word>
                <Word id="r1l13_w2" custom="readingOrder {index:1;}">
                    <Coords points="800,1671 800,1731 914,1731 914,1671"/>
                    <TextEquiv>
                        <Unicode>ihm</Unicode>
                    </TextEquiv>
                </Word>
                <Word id="r1l13_w3" custom="readingOrder {index:2;}">
                    <Coords points="987,1665 987,1725 1467,1725 1467,1665"/>
                    <TextEquiv>
                        <Unicode>zugestossen</Unicode>
                    </TextEquiv>
                </Word>
                <Word id="r1l13_w4" custom="readingOrder {index:3;}">
                    <Coords points="1529,1659 1529,1719 1675,1719 1675,1659"/>
                    <TextEquiv>
                        <Unicode>sind</Unicode>
                    </TextEquiv>
                </Word>
                <Word id="r1l13_w5" custom="readingOrder {index:4;}">
                    <Coords points="1728,1656 1728,1716 1863,1716 1863,1656"/>
                    <TextEquiv>
                        <Unicode>und</Unicode>
                    </TextEquiv>
                </Word>
                <Word id="r1l13_w6" custom="readingOrder {index:5;}">
                    <Coords points="1936,1653 1936,1713 2113,1713 2113,1653"/>
                    <TextEquiv>
                        <Unicode>noch</Unicode>
                    </TextEquiv>
                </Word>
                <Word id="r1l13_w7" custom="readingOrder {index:6;}">
                    <Coords points="2176,1647 2176,1707 2551,1707 2551,1647"/>
                    <TextEquiv>
                        <Unicode>zustossen</Unicode>
                    </TextEquiv>
                </Word>
                <Word id="r1l13_w8" custom="readingOrder {index:7;}">
                    <Coords points="2635,1640 2635,1700 2969,1700 2969,1640"/>
                    <TextEquiv>
                        <Unicode>werden,</Unicode>
                    </TextEquiv>
                </Word>
                <Word id="r1l13_w9" custom="readingOrder {index:8;}">
                    <Coords points="3020,1635 3020,1695 3135,1695 3135,1635"/>
                    <TextEquiv>
                        <Unicode>ihn</Unicode>
                    </TextEquiv>
                </Word>
                <Word id="r1l13_w10" custom="readingOrder {index:9;}">
                    <Coords points="3197,1630 3197,1690 3406,1690 3406,1630"/>
                    <TextEquiv>
                        <Unicode>nicht</Unicode>
                    </TextEquiv>
                </Word>
                <Word id="r1l13_w11" custom="readingOrder {index:10;}">
                    <Coords points="3458,1624 3458,1684 3812,1684 3812,1624"/>
                    <TextEquiv>
                        <Unicode>abhalten</Unicode>
                    </TextEquiv>
                </Word>
                <TextEquiv>
                    <Unicode>welche ihm zugestossen sind und noch zustossen werden, ihn nicht abhalten</Unicode>
                </TextEquiv>
            </TextLine>
            <TextLine id="r1l14" custom="readingOrder {index:13;}">
                <Coords points="477,1838 3759,1810 3824,1699 476,1754"/>
                <Baseline points="496,1824 661,1820 826,1816 992,1814 1157,1811 1323,1808 1488,1806 1653,1803 1819,1800 1984,1798 2150,1796 2315,1792 2480,1790 2646,1787 2811,1784 2977,1780 3142,1778 3307,1774 3473,1770 3638,1766 3804,1760"/>
                <Word id="r1l14_w1" custom="readingOrder {index:0;}">
                    <Coords points="476,1781 476,1841 746,1841 746,1781"/>
                    <TextEquiv>
                        <Unicode>sollen,</Unicode>
                    </TextEquiv>
                </Word>
                <Word id="r1l14_w2" custom="readingOrder {index:1;}">
                    <Coords points="800,1775 800,1835 864,1835 864,1775"/>
                    <TextEquiv>
                        <Unicode>in</Unicode>
                    </TextEquiv>
                </Word>
                <Word id="r1l14_w3" custom="readingOrder {index:2;}">
                    <Coords points="940,1771 940,1831 1351,1831 1351,1771"/>
                    <TextEquiv>
                        <Unicode>demselben</Unicode>
                    </TextEquiv>
                </Word>
                <Word id="r1l14_w4" custom="readingOrder {index:3;}">
                    <Coords points="1426,1764 1426,1824 1696,1824 1696,1764"/>
                    <TextEquiv>
                        <Unicode>Sinne,</Unicode>
                    </TextEquiv>
                </Word>
                <Word id="r1l14_w5" custom="readingOrder {index:4;}">
                    <Coords points="1728,1760 1728,1820 1857,1820 1857,1760"/>
                    <TextEquiv>
                        <Unicode>mit</Unicode>
                    </TextEquiv>
                </Word>
                <Word id="r1l14_w6" custom="readingOrder {index:5;}">
                    <Coords points="1912,1756 1912,1816 2333,1816 2333,1756"/>
                    <TextEquiv>
                        <Unicode>demselben</Unicode>
                    </TextEquiv>
                </Word>
                <Word id="r1l14_w7" custom="readingOrder {index:6;}">
                    <Coords points="2386,1749 2386,1809 2635,1809 2635,1749"/>
                    <TextEquiv>
                        <Unicode>Geiste</Unicode>
                    </TextEquiv>
                </Word>
                <Word id="r1l14_w8" custom="readingOrder {index:7;}">
                    <Coords points="2712,1744 2712,1804 2840,1804 2840,1744"/>
                    <TextEquiv>
                        <Unicode>und</Unicode>
                    </TextEquiv>
                </Word>
                <Word id="r1l14_w9" custom="readingOrder {index:8;}">
                    <Coords points="2916,1739 2916,1799 3057,1799 3057,1739"/>
                    <TextEquiv>
                        <Unicode>mit</Unicode>
                    </TextEquiv>
                </Word>
                <Word id="r1l14_w10" custom="readingOrder {index:9;}">
                    <Coords points="3110,1734 3110,1794 3499,1794 3499,1734"/>
                    <TextEquiv>
                        <Unicode>derselben</Unicode>
                    </TextEquiv>
                </Word>
                <Word id="r1l14_w11" custom="readingOrder {index:10;}">
                    <Coords points="3554,1724 3554,1784 3822,1784 3822,1724"/>
                    <TextEquiv>
                        <Unicode>Opfer¬</Unicode>
                    </TextEquiv>
                </Word>
                <TextEquiv>
                    <Unicode>sollen, in demselben Sinne, mit demselben Geiste und mit derselben Opfer¬</Unicode>
                </TextEquiv>
            </TextLine>
            <TextLine id="r1l15" custom="readingOrder {index:14;}">
                <Coords points="452,1948 3809,1905 3837,1812 450,1847"/>
                <Baseline points="472,1928 639,1924 806,1922 973,1918 1141,1915 1308,1912 1475,1910 1643,1906 1810,1904 1977,1902 2145,1898 2312,1896 2479,1894 2646,1890 2814,1888 2981,1885 3148,1882 3316,1880 3483,1876 3650,1874 3818,1870"/>
                <Word id="r1l15_w1" custom="readingOrder {index:0;}">
                    <Coords points="472,1883 472,1943 956,1943 956,1883"/>
                    <TextEquiv>
                        <Unicode>freudigkeit</Unicode>
                    </TextEquiv>
                </Word>
                <Word id="r1l15_w2" custom="readingOrder {index:1;}">
                    <Coords points="1032,1875 1032,1935 1161,1935 1161,1875"/>
                    <TextEquiv>
                        <Unicode>das</Unicode>
                    </TextEquiv>
                </Word>
                <Word id="r1l15_w3" custom="readingOrder {index:2;}">
                    <Coords points="1238,1870 1238,1930 1679,1930 1679,1870"/>
                    <TextEquiv>
                        <Unicode>begonnene</Unicode>
                    </TextEquiv>
                </Word>
                <Word id="r1l15_w4" custom="readingOrder {index:3;}">
                    <Coords points="1755,1862 1755,1922 2100,1922 2100,1862"/>
                    <TextEquiv>
                        <Unicode>schwere</Unicode>
                    </TextEquiv>
                </Word>
                <Word id="r1l15_w5" custom="readingOrder {index:4;}">
                    <Coords points="2175,1856 2175,1916 2391,1916 2391,1856"/>
                    <TextEquiv>
                        <Unicode>Werk</Unicode>
                    </TextEquiv>
                </Word>
                <Word id="r1l15_w6" custom="readingOrder {index:5;}">
                    <Coords points="2466,1849 2466,1909 2834,1909 2834,1849"/>
                    <TextEquiv>
                        <Unicode>siegreich</Unicode>
                    </TextEquiv>
                </Word>
                <Word id="r1l15_w7" custom="readingOrder {index:6;}">
                    <Coords points="2919,1845 2919,1905 2994,1905 2994,1845"/>
                    <TextEquiv>
                        <Unicode>zu</Unicode>
                    </TextEquiv>
                </Word>
                <Word id="r1l15_w8" custom="readingOrder {index:7;}">
                    <Coords points="3059,1841 3059,1901 3253,1901 3253,1841"/>
                    <TextEquiv>
                        <Unicode>Ende</Unicode>
                    </TextEquiv>
                </Word>
                <Word id="r1l15_w9" custom="readingOrder {index:8;}">
                    <Coords points="3330,1838 3330,1898 3405,1898 3405,1838"/>
                    <TextEquiv>
                        <Unicode>zu</Unicode>
                    </TextEquiv>
                </Word>
                <Word id="r1l15_w10" custom="readingOrder {index:9;}">
                    <Coords points="3480,1833 3480,1893 3835,1893 3835,1833"/>
                    <TextEquiv>
                        <Unicode>bringen.</Unicode>
                    </TextEquiv>
                </Word>
                <TextEquiv>
                    <Unicode>freudigkeit das begonnene schwere Werk siegreich zu Ende zu bringen.</Unicode>
                </TextEquiv>
            </TextLine>
            <TextLine id="r1l16" custom="readingOrder {index:15;} person {offset:46; length:22;}">
                <Coords points="453,2045 3646,2040 3847,2007 3846,1911 451,1948"/>
                <Baseline points="474,2030 641,2028 809,2024 976,2022 1144,2020 1312,2016 1479,2014 1647,2012 1814,2010 1982,2006 2150,2004 2317,2002 2485,2000 2652,1996 2820,1994 2988,1990 3155,1988 3323,1984 3490,1982 3658,1978 3826,1974"/>
                <Word id="r1l16_w1" custom="readingOrder {index:0;}">
                    <Coords points="463,1989 463,2049 597,2049 597,1989"/>
                    <TextEquiv>
                        <Unicode>Der</Unicode>
                    </TextEquiv>
                </Word>
                <Word id="r1l16_w2" custom="readingOrder {index:1;}">
                    <Coords points="664,1983 664,2043 1080,2043 1080,1983"/>
                    <TextEquiv>
                        <Unicode>Präsident</Unicode>
                    </TextEquiv>
                </Word>
                <Word id="r1l16_w3" custom="readingOrder {index:2;}">
                    <Coords points="1147,1978 1147,2038 1272,2038 1272,1978"/>
                    <TextEquiv>
                        <Unicode>des</Unicode>
                    </TextEquiv>
                </Word>
                <Word id="r1l16_w4" custom="readingOrder {index:3;}">
                    <Coords points="1339,1974 1339,2034 1574,2034 1574,1974"/>
                    <TextEquiv>
                        <Unicode>ersten</Unicode>
                    </TextEquiv>
                </Word>
                <Word id="r1l16_w5" custom="readingOrder {index:4;}">
                    <Coords points="1654,1964 1654,2024 2541,2024 2541,1964"/>
                    <TextEquiv>
                        <Unicode>Zionistencongresses,</Unicode>
                    </TextEquiv>
                </Word>
                <Word id="r1l16_w6" custom="readingOrder {index:5;}">
                    <Coords points="2575,1955 2575,2015 2778,2015 2778,1955"/>
                    <TextEquiv>
                        <Unicode>Herr</Unicode>
                    </TextEquiv>
                </Word>
                <Word id="r1l16_w7" custom="readingOrder {index:6;}">
                    <Coords points="2811,1952 2811,2012 2957,2012 2957,1952"/>
                    <TextEquiv>
                        <Unicode>Dr.</Unicode>
                    </TextEquiv>
                </Word>
                <Word id="r1l16_w8" custom="readingOrder {index:7;}">
                    <Coords points="2979,1948 2979,2008 3328,2008 3328,1948"/>
                    <TextEquiv>
                        <Unicode>Theodor</Unicode>
                    </TextEquiv>
                </Word>
                <Word id="r1l16_w9" custom="readingOrder {index:8;}">
                    <Coords points="3372,1941 3372,2001 3642,2001 3642,1941"/>
                    <TextEquiv>
                        <Unicode>Herzl,</Unicode>
                    </TextEquiv>
                </Word>
                <Word id="r1l16_w10" custom="readingOrder {index:9;}">
                    <Coords points="3665,1935 3665,1995 3822,1995 3822,1935"/>
                    <TextEquiv>
                        <Unicode>lebe</Unicode>
                    </TextEquiv>
                </Word>
                <TextEquiv>
                    <Unicode>Der Präsident des ersten Zionistencongresses, Herr Dr. Theodor Herzl, lebe</Unicode>
                </TextEquiv>
            </TextLine>
            <TextLine id="r1l17" custom="readingOrder {index:16;}">
                <Coords points="454,2174 743,2174 780,2135 869,2180 936,2141 1838,2159 1844,2024 771,2077 451,2049"/>
                <Baseline points="474,2136 541,2136 609,2136 676,2134 744,2134 812,2132 879,2132 947,2130 1014,2128 1082,2126 1150,2124 1217,2123 1285,2122 1352,2120 1420,2119 1487,2118 1555,2118 1623,2116 1690,2117 1758,2118 1826,2118"/>
                <Word id="r1l17_w1" custom="readingOrder {index:0;}">
                    <Coords points="464,2096 464,2156 709,2156 709,2096"/>
                    <TextEquiv>
                        <Unicode>hoch!</Unicode>
                    </TextEquiv>
                </Word>
                <Word id="r1l17_w2" custom="readingOrder {index:1;}">
                    <Coords points="803,2086 803,2146 1318,2146 1318,2086"/>
                    <TextEquiv>
                        <Unicode>(Donnernde</Unicode>
                    </TextEquiv>
                </Word>
                <Word id="r1l17_w3" custom="readingOrder {index:2;}">
                    <Coords points="1388,2076 1388,2136 1857,2136 1857,2076"/>
                    <TextEquiv>
                        <Unicode>Hochrufe.)</Unicode>
                    </TextEquiv>
                </Word>
                <TextEquiv>
                    <Unicode>hoch! (Donnernde Hochrufe.)</Unicode>
                </TextEquiv>
            </TextLine>
            <TextLine id="r1l18" custom="readingOrder {index:17;}">
                <Coords points="743,2273 3782,2271 3872,2111 742,2152"/>
                <Baseline points="762,2252 916,2250 1071,2250 1225,2248 1380,2246 1534,2244 1689,2242 1843,2240 1998,2238 2152,2236 2307,2234 2461,2232 2616,2230 2770,2228 2925,2226 3079,2224 3234,2222 3388,2219 3543,2217 3697,2214 3852,2212"/>
                <Word id="r1l18_w1" custom="readingOrder {index:0;}">
                    <Coords points="754,2210 754,2270 1255,2270 1255,2210"/>
                    <TextEquiv>
                        <Unicode>Präsident:</Unicode>
                    </TextEquiv>
                </Word>
                <Word id="r1l18_w2" custom="readingOrder {index:1;}">
                    <Coords points="1343,2205 1343,2265 1488,2265 1488,2205"/>
                    <TextEquiv>
                        <Unicode>Der</Unicode>
                    </TextEquiv>
                </Word>
                <Word id="r1l18_w3" custom="readingOrder {index:2;}">
                    <Coords points="1577,2202 1577,2262 1778,2262 1778,2202"/>
                    <TextEquiv>
                        <Unicode>erste</Unicode>
                    </TextEquiv>
                </Word>
                <Word id="r1l18_w4" custom="readingOrder {index:3;}">
                    <Coords points="1866,2194 1866,2254 2634,2254 2634,2194"/>
                    <TextEquiv>
                        <Unicode>Zionistencongress</Unicode>
                    </TextEquiv>
                </Word>
                <Word id="r1l18_w5" custom="readingOrder {index:4;}">
                    <Coords points="2724,2187 2724,2247 2824,2247 2824,2187"/>
                    <TextEquiv>
                        <Unicode>ist</Unicode>
                    </TextEquiv>
                </Word>
                <Word id="r1l18_w6" custom="readingOrder {index:5;}">
                    <Coords points="2914,2185 2914,2245 2991,2245 2991,2185"/>
                    <TextEquiv>
                        <Unicode>zu</Unicode>
                    </TextEquiv>
                </Word>
                <Word id="r1l18_w7" custom="readingOrder {index:6;}">
                    <Coords points="3069,2182 3069,2242 3325,2242 3325,2182"/>
                    <TextEquiv>
                        <Unicode>Ende.</Unicode>
                    </TextEquiv>
                </Word>
                <Word id="r1l18_w8" custom="readingOrder {index:7;}">
                    <Coords points="3426,2175 3426,2235 3848,2235 3848,2175"/>
                    <TextEquiv>
                        <Unicode>(Tosender</Unicode>
                    </TextEquiv>
                </Word>
                <TextEquiv>
                    <Unicode>Präsident: Der erste Zionistencongress ist zu Ende. (Tosender</Unicode>
                </TextEquiv>
            </TextLine>
            <TextLine id="r1l19" custom="readingOrder {index:18;}">
                <Coords points="459,2398 3015,2381 3014,2289 457,2243"/>
                <Baseline points="482,2366 607,2366 733,2364 858,2362 984,2362 1110,2360 1235,2358 1361,2356 1486,2356 1612,2354 1738,2352 1863,2350 1989,2348 2114,2346 2240,2344 2366,2342 2491,2338 2617,2336 2742,2334 2868,2332 2994,2330"/>
                <Word id="r1l19_w1" custom="readingOrder {index:0;}">
                    <Coords points="469,2323 469,2383 1004,2383 1004,2323"/>
                    <TextEquiv>
                        <Unicode>Beifallssturm</Unicode>
                    </TextEquiv>
                </Word>
                <Word id="r1l19_w2" custom="readingOrder {index:1;}">
                    <Coords points="1093,2319 1093,2379 1160,2379 1160,2319"/>
                    <TextEquiv>
                        <Unicode>im</Unicode>
                    </TextEquiv>
                </Word>
                <Word id="r1l19_w3" custom="readingOrder {index:2;}">
                    <Coords points="1250,2316 1250,2376 1540,2376 1540,2316"/>
                    <TextEquiv>
                        <Unicode>ganzen</Unicode>
                    </TextEquiv>
                </Word>
                <Word id="r1l19_w4" custom="readingOrder {index:3;}">
                    <Coords points="1618,2311 1618,2371 1885,2371 1885,2311"/>
                    <TextEquiv>
                        <Unicode>Saale,</Unicode>
                    </TextEquiv>
                </Word>
                <Word id="r1l19_w5" custom="readingOrder {index:4;}">
                    <Coords points="1930,2307 1930,2367 2109,2367 2109,2307"/>
                    <TextEquiv>
                        <Unicode>auch</Unicode>
                    </TextEquiv>
                </Word>
                <Word id="r1l19_w6" custom="readingOrder {index:5;}">
                    <Coords points="2186,2303 2186,2363 2321,2363 2321,2303"/>
                    <TextEquiv>
                        <Unicode>auf</Unicode>
                    </TextEquiv>
                </Word>
                <Word id="r1l19_w7" custom="readingOrder {index:6;}">
                    <Coords points="2377,2299 2377,2359 2511,2359 2511,2299"/>
                    <TextEquiv>
                        <Unicode>den</Unicode>
                    </TextEquiv>
                </Word>
                <Word id="r1l19_w8" custom="readingOrder {index:7;}">
                    <Coords points="2578,2293 2578,2353 3025,2353 3025,2293"/>
                    <TextEquiv>
                        <Unicode>Galerien.)</Unicode>
                    </TextEquiv>
                </Word>
                <TextEquiv>
                    <Unicode>Beifallssturm im ganzen Saale, auch auf den Galerien.)</Unicode>
                </TextEquiv>
            </TextLine>
            <TextLine id="r1l20" custom="readingOrder {index:19;}">
                <Coords points="2235,3023 2322,3037 2369,3033 2391,2833 2255,2836"/>
                <Baseline points="2260,2986 2292,2986 2324,2992 2356,2994"/>
                <Word id="r1l20_w1" custom="readingOrder {index:0;}">
                    <Coords points="2275,2947 2275,3007 2325,3007 2325,2947"/>
                    <TextEquiv>
                        <Unicode>D</Unicode>
                    </TextEquiv>
                </Word>
                <TextEquiv>
                    <Unicode>D</Unicode>
                </TextEquiv>
            </TextLine>
            <TextLine id="r1l21" custom="readingOrder {index:20;}">
                <Coords points="1933,3031 2055,3033 2132,2971 2147,2985 2172,2987 2184,2836 2083,2837 2074,2845 1948,2839"/>
                <Baseline points="1958,2992 1985,2995 2012,2999 2039,3002 2066,3004 2093,3006 2120,3006 2148,3006"/>
                <TextEquiv>
                    <Unicode> </Unicode>
                </TextEquiv>
            </TextLine>
            <TextEquiv>
                <Unicode></Unicode>
            </TextEquiv>
        </TextRegion>
    </Page>
</PcGts>
