<?xml version="1.0" encoding="UTF-8" standalone="yes"?>
<PcGts xmlns="http://schema.primaresearch.org/PAGE/gts/pagecontent/2013-07-15" xmlns:xsi="http://www.w3.org/2001/XMLSchema-instance" xsi:schemaLocation="http://schema.primaresearch.org/PAGE/gts/pagecontent/2013-07-15 http://schema.primaresearch.org/PAGE/gts/pagecontent/2013-07-15/pagecontent.xsd">
    <Metadata>
        <Creator>prov=READ-COOP:name=PyLaia@TranskribusPlatform:version=0.6.6:model_id=39995:lm=none:date=11_03_2022_11:00
prov=READ-COOP:name=PyLaia@Transkribus:version=0.6.6:model_id=39995:date=11_03_2022_10:57
prov=University of Rostock/Institute of Mathematics/CITlab|PLANET AI GmbH/Tobias Gruening/tobias.gruening@planet-ai.de:name=de.uros.citlab.module.baseline2polygon.B2PSeamMultiOriented:v=2.6.7</Creator>
        <Created>2022-03-04T11:05:31.819+01:00</Created>
        <LastChange>2022-04-20T10:32:34.476+02:00</LastChange>
        <TranskribusMetadata docId="935394" pageId="35622017" pageNr="2" tsid="80746016" status="DONE" userId="100217" imgUrl="https://files.transkribus.eu/Get?id=GRYGBPIFHNMRCPMSEYQZMNJP&amp;fileType=view" xmlUrl="https://files.transkribus.eu/Get?id=EODSWTOHQMQMYNDLCFPATIFH" imageId="28691257"/>
    </Metadata>
    <Page imageFilename="Protokoll-Zionistenkongress-Basel_1897-0002.jpg" imageWidth="2142" imageHeight="3572">
        <ReadingOrder>
            <OrderedGroup id="ro_1651065859162" caption="Regions reading order">
                <RegionRefIndexed index="0" regionRef="r1"/>
            </OrderedGroup>
        </ReadingOrder>
        <TextRegion orientation="0.0" id="r1" custom="readingOrder {index:0;}">
            <Coords points="648,1040 648,2347 1668,2347 1668,1040"/>
            <TextLine id="r1l1" custom="readingOrder {index:0;}">
                <Coords points="963,1116 1364,1120 1366,1016 1301,1004 965,1010"/>
                <Baseline points="968,1086 994,1086 1020,1088 1046,1088 1072,1088 1098,1089 1124,1089 1150,1089 1176,1091 1202,1091 1228,1091 1254,1092 1280,1092 1306,1092 1332,1092 1359,1092"/>
                <Word id="r1l1_w1" custom="readingOrder {index:0;}">
                    <Coords points="975,1050 975,1110 1363,1110 1363,1050"/>
                    <TextEquiv>
                        <Unicode>INHALT:</Unicode>
                    </TextEquiv>
                </Word>
                <TextEquiv>
                    <Unicode>INHALT:</Unicode>
                </TextEquiv>
            </TextLine>
            <TextLine id="r1l2" custom="readingOrder {index:1;}">
                <Coords points="817,1306 1010,1290 1060,1313 1345,1323 1373,1305 1445,1323 1503,1305 1503,1263 1407,1250 1143,1260 1111,1238 962,1267 939,1246 900,1263 818,1244"/>
                <Baseline points="822,1290 855,1290 889,1290 923,1292 957,1292 990,1292 1024,1293 1058,1293 1092,1293 1125,1294 1159,1295 1193,1295 1227,1295 1260,1295 1294,1296 1328,1296 1362,1296 1395,1296 1429,1296 1463,1296 1497,1296"/>
                <Word id="r1l2_w1" custom="readingOrder {index:0;}">
                    <Coords points="818,1250 818,1310 971,1310 971,1250"/>
                    <TextEquiv>
                        <Unicode>Erster</Unicode>
                    </TextEquiv>
                </Word>
                <Word id="r1l2_w2" custom="readingOrder {index:1;}">
                    <Coords points="1018,1255 1018,1315 1447,1315 1447,1255"/>
                    <TextEquiv>
                        <Unicode>Verhandlungstag</Unicode>
                    </TextEquiv>
                </Word>
                <Word id="r1l2_w3" custom="readingOrder {index:2;}">
                    <Coords points="1477,1256 1477,1316 1494,1316 1494,1256"/>
                    <TextEquiv>
                        <Unicode>:</Unicode>
                    </TextEquiv>
                </Word>
                <TextEquiv>
                    <Unicode>Erster Verhandlungstag :</Unicode>
                </TextEquiv>
            </TextLine>
            <TextLine id="r1l3" custom="readingOrder {index:2;}">
                <Coords points="661,1415 679,1418 713,1392 819,1390 837,1409 864,1411 901,1391 1036,1406 1027,1340 956,1353 929,1333 893,1332 870,1350 797,1334 741,1332 714,1346 700,1332 662,1333"/>
                <Baseline points="666,1379 692,1379 718,1379 744,1379 770,1379 796,1379 822,1380 848,1380 874,1380 900,1380 926,1380 952,1382 978,1383 1004,1384 1031,1386"/>
                <Word id="r1l3_w1" custom="readingOrder {index:0;}">
                    <Coords points="662,1340 662,1400 1027,1400 1027,1340"/>
                    <TextEquiv>
                        <Unicode>Vormittagssitzung</Unicode>
                    </TextEquiv>
                </Word>
                <TextEquiv>
                    <Unicode>Vormittagssitzung</Unicode>
                </TextEquiv>
            </TextLine>
            <TextLine id="r1l4" custom="readingOrder {index:3;}">
                <Coords points="1464,1393 1483,1387 1497,1394 1527,1390 1537,1397 1554,1389 1564,1391 1565,1349 1547,1349 1528,1337 1518,1345 1511,1339 1501,1344 1491,1333 1465,1332"/>
                <Baseline points="1469,1380 1499,1382 1529,1382 1559,1383"/>
                <Word id="r1l4_w1" custom="readingOrder {index:0;}">
                    <Coords points="1465,1342 1465,1402 1562,1402 1562,1342"/>
                    <TextEquiv>
                        <Unicode>Seite</Unicode>
                    </TextEquiv>
                </Word>
                <TextEquiv>
                    <Unicode>Seite</Unicode>
                </TextEquiv>
            </TextLine>
            <TextLine id="r1l5" custom="readingOrder {index:4;}">
                <Coords points="643,1465 723,1461 758,1477 809,1458 880,1477 942,1457 1015,1488 1052,1479 1053,1419 676,1419 643,1407"/>
                <Baseline points="648,1451 674,1451 701,1452 727,1452 754,1452 781,1452 807,1452 834,1453 860,1454 887,1454 914,1454 940,1455 967,1455 993,1455 1020,1456 1047,1457"/>
                <Word id="r1l5_w1" custom="readingOrder {index:0;}">
                    <Coords points="644,1413 644,1473 1040,1473 1040,1413"/>
                    <TextEquiv>
                        <Unicode>Nachmittagssitzung</Unicode>
                    </TextEquiv>
                </Word>
                <TextEquiv>
                    <Unicode>Nachmittagssitzung</Unicode>
                </TextEquiv>
            </TextLine>
            <TextLine id="r1l6" custom="readingOrder {index:5;}">
                <Coords points="1602,1460 1608,1460 1629,1473 1641,1461 1649,1463 1664,1458 1663,1411 1657,1411 1644,1398 1632,1398 1617,1412 1601,1417"/>
                <Baseline points="1607,1455 1633,1453 1659,1454"/>
                <Word id="r1l6_w1" custom="readingOrder {index:0;}">
                    <Coords points="1605,1413 1605,1473 1658,1473 1658,1413"/>
                    <TextEquiv>
                        <Unicode>46</Unicode>
                    </TextEquiv>
                </Word>
                <TextEquiv>
                    <Unicode>46</Unicode>
                </TextEquiv>
            </TextLine>
            <TextLine id="r1l7" custom="readingOrder {index:6;}">
                <Coords points="1489,1472 1512,1469 1520,1474 1532,1464 1548,1473 1558,1466 1583,1470 1598,1465 1596,1431 1565,1432 1543,1413 1534,1411 1520,1417 1499,1416 1490,1408 1485,1409"/>
                <Baseline points="1494,1461 1527,1461 1560,1458 1593,1455"/>
                <Word id="r1l7_w1" custom="readingOrder {index:0;}">
                    <Coords points="1499,1421 1499,1481 1516,1481 1516,1421"/>
                    <TextEquiv>
                        <Unicode>n</Unicode>
                    </TextEquiv>
                </Word>
                <TextEquiv>
                    <Unicode>n</Unicode>
                </TextEquiv>
            </TextLine>
            <TextLine id="r1l8" custom="readingOrder {index:7;}">
                <Coords points="793,1616 839,1622 882,1613 1004,1613 1003,1566 983,1570 957,1556 935,1556 912,1569 869,1564 851,1572 836,1557 793,1554"/>
                <Baseline points="798,1602 823,1602 848,1602 873,1602 898,1601 923,1601 948,1601 973,1601 998,1601"/>
                <Word id="r1l8_w1" custom="readingOrder {index:0;}">
                    <Coords points="794,1561 794,1621 1001,1621 1001,1561"/>
                    <TextEquiv>
                        <Unicode>Zweiter</Unicode>
                    </TextEquiv>
                </Word>
                <TextEquiv>
                    <Unicode>Zweiter</Unicode>
                </TextEquiv>
            </TextLine>
            <TextLine id="r1l9" custom="readingOrder {index:8;}">
                <Coords points="1035,1611 1299,1611 1348,1634 1389,1615 1448,1631 1493,1617 1494,1565 1327,1575 1256,1555 1177,1574 1103,1537 1062,1555 1037,1542"/>
                <Baseline points="1041,1595 1067,1598 1093,1599 1119,1601 1146,1602 1172,1602 1198,1602 1225,1603 1251,1604 1277,1604 1303,1604 1330,1604 1356,1604 1382,1604 1409,1605 1435,1605 1461,1606 1488,1607"/>
                <Word id="r1l9_w1" custom="readingOrder {index:0;}">
                    <Coords points="1038,1564 1038,1624 1496,1624 1496,1564"/>
                    <TextEquiv>
                        <Unicode>Verhandlungstag:</Unicode>
                    </TextEquiv>
                </Word>
                <TextEquiv>
                    <Unicode>Verhandlungstag:</Unicode>
                </TextEquiv>
            </TextLine>
            <TextLine id="r1l10" custom="readingOrder {index:9;}">
                <Coords points="657,1707 792,1698 863,1718 888,1700 977,1700 1001,1722 1034,1722 1034,1657 884,1660 847,1639 798,1653 766,1636 734,1657 657,1646"/>
                <Baseline points="662,1689 688,1690 714,1691 740,1691 766,1692 793,1692 819,1692 845,1692 871,1691 897,1691 924,1691 950,1691 976,1692 1002,1692 1029,1694"/>
                <Word id="r1l10_w1" custom="readingOrder {index:0;}">
                    <Coords points="658,1652 658,1712 1026,1712 1026,1652"/>
                    <TextEquiv>
                        <Unicode>Vormittagssitzung</Unicode>
                    </TextEquiv>
                </Word>
                <TextEquiv>
                    <Unicode>Vormittagssitzung</Unicode>
                </TextEquiv>
            </TextLine>
            <TextLine id="r1l11" custom="readingOrder {index:10;}">
                <Coords points="1464,1699 1555,1699 1580,1721 1624,1704 1648,1716 1667,1714 1667,1659 1595,1647 1581,1660 1571,1653 1550,1660 1526,1641 1464,1638"/>
                <Baseline points="1470,1692 1497,1692 1524,1692 1552,1692 1579,1692 1607,1692 1634,1692 1662,1692"/>
                <Word id="r1l11_w1" custom="readingOrder {index:0;}">
                    <Coords points="1460,1652 1460,1712 1555,1712 1555,1652"/>
                    <TextEquiv>
                        <Unicode>Seite</Unicode>
                    </TextEquiv>
                </Word>
                <Word id="r1l11_w2" custom="readingOrder {index:1;}">
                    <Coords points="1593,1652 1593,1712 1663,1712 1663,1652"/>
                    <TextEquiv>
                        <Unicode>109</Unicode>
                    </TextEquiv>
                </Word>
                <TextEquiv>
                    <Unicode>Seite 109</Unicode>
                </TextEquiv>
            </TextLine>
            <TextLine id="r1l12" custom="readingOrder {index:11;}">
                <Coords points="1591,1772 1606,1772 1616,1777 1631,1769 1644,1772 1654,1770 1667,1760 1673,1760 1673,1731 1666,1731 1661,1726 1653,1729 1645,1725 1625,1726 1621,1722 1607,1728 1603,1724 1599,1727 1591,1726"/>
                <Baseline points="1596,1763 1632,1763 1668,1763"/>
                <Word id="r1l12_w1" custom="readingOrder {index:0;}">
                    <Coords points="1586,1723 1586,1783 1652,1783 1652,1723"/>
                    <TextEquiv>
                        <Unicode>130</Unicode>
                    </TextEquiv>
                </Word>
                <TextEquiv>
                    <Unicode>130</Unicode>
                </TextEquiv>
            </TextLine>
            <TextLine id="r1l13" custom="readingOrder {index:12;}">
                <Coords points="643,1801 695,1800 723,1781 780,1786 795,1771 878,1794 942,1768 1012,1798 1046,1793 1046,1729 1031,1725 644,1720"/>
                <Baseline points="648,1761 674,1763 700,1763 726,1764 752,1764 779,1764 805,1764 831,1764 857,1763 883,1763 910,1763 936,1764 962,1764 988,1764 1014,1766 1041,1767"/>
                <Word id="r1l13_w1" custom="readingOrder {index:0;}">
                    <Coords points="645,1723 645,1783 1049,1783 1049,1723"/>
                    <TextEquiv>
                        <Unicode>Nachmittagssitzung</Unicode>
                    </TextEquiv>
                </Word>
                <TextEquiv>
                    <Unicode>Nachmittagssitzung</Unicode>
                </TextEquiv>
            </TextLine>
            <TextLine id="r1l14" custom="readingOrder {index:13;}">
                <Coords points="1488,1776 1493,1775 1509,1783 1521,1776 1567,1768 1565,1727 1558,1726 1547,1737 1539,1739 1520,1738 1502,1747 1486,1745"/>
                <Baseline points="1493,1769 1527,1772 1562,1766"/>
                <Word id="r1l14_w1" custom="readingOrder {index:0;}">
                    <Coords points="1499,1730 1499,1790 1514,1790 1514,1730"/>
                    <TextEquiv>
                        <Unicode>»</Unicode>
                    </TextEquiv>
                </Word>
                <TextEquiv>
                    <Unicode>»</Unicode>
                </TextEquiv>
            </TextLine>
            <TextLine id="r1l15" custom="readingOrder {index:14;}">
                <Coords points="1255,1811 1263,1811 1269,1819 1293,1819 1302,1832 1309,1832 1325,1845 1357,1710 1317,1708 1293,1723 1277,1722"/>
                <Baseline points="1268,1782 1299,1794 1331,1797"/>
                <TextEquiv>
                    <Unicode></Unicode>
                </TextEquiv>
            </TextLine>
            <TextLine id="r1l16" custom="readingOrder {index:15;}">
                <Coords points="814,1905 891,1922 1009,1894 1337,1922 1489,1910 1489,1857 1459,1849 814,1847"/>
                <Baseline points="819,1890 852,1890 885,1890 918,1889 952,1889 985,1889 1018,1889 1051,1889 1085,1889 1118,1889 1151,1889 1184,1889 1218,1889 1251,1889 1284,1889 1317,1890 1351,1890 1384,1891 1417,1892 1450,1892 1484,1893"/>
                <Word id="r1l16_w1" custom="readingOrder {index:0;}">
                    <Coords points="816,1849 816,1909 978,1909 978,1849"/>
                    <TextEquiv>
                        <Unicode>Dritter</Unicode>
                    </TextEquiv>
                </Word>
                <Word id="r1l16_w2" custom="readingOrder {index:1;}">
                    <Coords points="1022,1849 1022,1909 1499,1909 1499,1849"/>
                    <TextEquiv>
                        <Unicode>Verhandlungstag:</Unicode>
                    </TextEquiv>
                </Word>
                <TextEquiv>
                    <Unicode>Dritter Verhandlungstag:</Unicode>
                </TextEquiv>
            </TextLine>
            <TextLine id="r1l17" custom="readingOrder {index:16;}">
                <Coords points="1458,1989 1653,1989 1653,1930 1626,1925 1608,1911 1573,1933 1543,1926 1501,1945 1481,1929 1459,1929"/>
                <Baseline points="1464,1976 1490,1977 1516,1977 1542,1977 1568,1977 1594,1977 1620,1977 1647,1979"/>
                <Word id="r1l17_w1" custom="readingOrder {index:0;}">
                    <Coords points="1454,1937 1454,1997 1551,1997 1551,1937"/>
                    <TextEquiv>
                        <Unicode>Seite</Unicode>
                    </TextEquiv>
                </Word>
                <Word id="r1l17_w2" custom="readingOrder {index:1;}">
                    <Coords points="1586,1937 1586,1997 1655,1997 1655,1937"/>
                    <TextEquiv>
                        <Unicode>151</Unicode>
                    </TextEquiv>
                </Word>
                <TextEquiv>
                    <Unicode>Seite 151</Unicode>
                </TextEquiv>
            </TextLine>
            <TextLine id="r1l18" custom="readingOrder {index:17;}">
                <Coords points="648,1990 782,1984 836,1999 976,1988 1024,2010 1024,1949 963,1952 924,1933 819,1948 782,1923 720,1952 693,1932 648,1940"/>
                <Baseline points="653,1974 679,1976 705,1977 731,1978 757,1979 783,1979 809,1979 836,1979 862,1979 888,1979 914,1978 940,1977 966,1977 992,1977 1019,1977"/>
                <Word id="r1l18_w1" custom="readingOrder {index:0;}">
                    <Coords points="649,1939 649,1999 1021,1999 1021,1939"/>
                    <TextEquiv>
                        <Unicode>Vormittagssitzung</Unicode>
                    </TextEquiv>
                </Word>
                <TextEquiv>
                    <Unicode>Vormittagssitzung</Unicode>
                </TextEquiv>
            </TextLine>
            <TextLine id="r1l19" custom="readingOrder {index:18;}">
                <Coords points="642,2059 840,2059 871,2080 909,2058 981,2076 1013,2059 1049,2080 1049,2013 1014,2020 949,1998 907,2023 797,2006 763,2021 733,2002 706,2018 675,2004 642,2015"/>
                <Baseline points="648,2046 674,2048 700,2048 727,2049 753,2049 780,2049 806,2049 832,2049 859,2049 885,2048 912,2048 938,2048 964,2048 991,2049 1017,2049 1044,2049"/>
                <Word id="r1l19_w1" custom="readingOrder {index:0;}">
                    <Coords points="642,2009 642,2069 1047,2069 1047,2009"/>
                    <TextEquiv>
                        <Unicode>Nachmittagssitzung</Unicode>
                    </TextEquiv>
                </Word>
                <TextEquiv>
                    <Unicode>Nachmittagssitzung</Unicode>
                </TextEquiv>
            </TextLine>
            <TextLine id="r1l20" custom="readingOrder {index:19;}">
                <Coords points="1490,2079 1515,2071 1533,2050 1545,2060 1560,2056 1568,2062 1576,2055 1662,2059 1657,1998 1630,1995 1621,2003 1606,2002 1564,2029 1487,2034"/>
                <Baseline points="1494,2055 1521,2057 1548,2055 1575,2051 1602,2048 1629,2046 1656,2049"/>
                <Word id="r1l20_w1" custom="readingOrder {index:0;}">
                    <Coords points="1489,2015 1489,2075 1503,2075 1503,2015"/>
                    <TextEquiv>
                        <Unicode>„</Unicode>
                    </TextEquiv>
                </Word>
                <Word id="r1l20_w2" custom="readingOrder {index:1;}">
                    <Coords points="1583,2006 1583,2066 1658,2066 1658,2006"/>
                    <TextEquiv>
                        <Unicode>163</Unicode>
                    </TextEquiv>
                </Word>
                <TextEquiv>
                    <Unicode>„ 163</Unicode>
                </TextEquiv>
            </TextLine>
            <TextLine id="r1l21" custom="readingOrder {index:20;}">
                <Coords points="1382,2068 1387,2067 1393,2061 1413,2061 1403,1992 1372,1996"/>
                <Baseline points="1386,2055 1407,2052"/>
                <Word id="r1l21_w1" custom="readingOrder {index:0;}">
                    <Coords points="1367,2014 1367,2074 1411,2074 1411,2014"/>
                    <TextEquiv>
                        <Unicode>*</Unicode>
                    </TextEquiv>
                </Word>
                <TextEquiv>
                    <Unicode>*</Unicode>
                </TextEquiv>
            </TextLine>
            <TextLine id="r1l22" custom="readingOrder {index:21;}">
                <Coords points="1099,2077 1153,2079 1174,2066 1190,2066 1216,2086 1232,2079 1247,2083 1247,1980 1227,1994 1209,1990 1183,1999 1137,2037 1099,2029"/>
                <Baseline points="1104,2054 1131,2053 1159,2052 1186,2053 1214,2054 1242,2054"/>
                <Word id="r1l22_w1" custom="readingOrder {index:0;}">
                    <Coords points="1103,2012 1103,2072 1241,2072 1241,2012"/>
                    <TextEquiv>
                        <Unicode>..</Unicode>
                    </TextEquiv>
                </Word>
                <TextEquiv>
                    <Unicode>..</Unicode>
                </TextEquiv>
            </TextLine>
            <TextLine id="r1l23" custom="readingOrder {index:22;}">
                <Coords points="1587,2126 1598,2130 1608,2125 1612,2128 1627,2126 1635,2130 1641,2125 1667,2127 1665,2071 1585,2070"/>
                <Baseline points="1592,2120 1626,2120 1661,2117"/>
                <Word id="r1l23_w1" custom="readingOrder {index:0;}">
                    <Coords points="1581,2080 1581,2140 1649,2140 1649,2080"/>
                    <TextEquiv>
                        <Unicode>189</Unicode>
                    </TextEquiv>
                </Word>
                <TextEquiv>
                    <Unicode>189</Unicode>
                </TextEquiv>
            </TextLine>
            <TextLine id="r1l24" custom="readingOrder {index:23;}">
                <Coords points="651,2129 805,2128 823,2136 877,2128 895,2145 931,2144 932,2079 890,2096 878,2086 790,2088 738,2077 722,2087 687,2078 652,2090"/>
                <Baseline points="656,2118 683,2120 710,2121 737,2121 764,2121 791,2121 818,2121 845,2121 872,2121 899,2123 926,2124"/>
                <Word id="r1l24_w1" custom="readingOrder {index:0;}">
                    <Coords points="651,2081 651,2141 920,2141 920,2081"/>
                    <TextEquiv>
                        <Unicode>Abendsitzung</Unicode>
                    </TextEquiv>
                </Word>
                <TextEquiv>
                    <Unicode>Abendsitzung</Unicode>
                </TextEquiv>
            </TextLine>
            <TextLine id="r1l25" custom="readingOrder {index:24;}">
                <Coords points="1225,2139 1248,2155 1304,2149 1320,2162 1343,2155 1355,2163 1412,2161 1411,2060 1388,2065 1361,2053 1311,2073 1275,2070 1238,2095 1225,2089"/>
                <Baseline points="1230,2123 1255,2123 1280,2123 1305,2122 1331,2121 1356,2121 1381,2122 1407,2123"/>
                <TextEquiv>
                    <Unicode></Unicode>
                </TextEquiv>
            </TextLine>
            <TextLine id="r1l26" custom="readingOrder {index:25;}">
                <Coords points="940,2144 1017,2146 1027,2141 1049,2142 1050,2106 1024,2113 1011,2104 1002,2106 996,2101 989,2107 981,2104 971,2109 954,2101 941,2104"/>
                <Baseline points="945,2126 978,2121 1011,2124 1044,2126"/>
                <Word id="r1l26_w1" custom="readingOrder {index:0;}">
                    <Coords points="934,2082 934,2142 1055,2142 1055,2082"/>
                    <TextEquiv>
                        <Unicode>..</Unicode>
                    </TextEquiv>
                </Word>
                <TextEquiv>
                    <Unicode>..</Unicode>
                </TextEquiv>
            </TextLine>
            <TextLine id="r1l27" custom="readingOrder {index:26;}">
                <Coords points="1489,2182 1560,2178 1546,2081 1526,2085 1492,2079 1485,2087 1475,2087"/>
                <Baseline points="1488,2138 1518,2138 1548,2129"/>
                <Word id="r1l27_w1" custom="readingOrder {index:0;}">
                    <Coords points="1488,2096 1488,2156 1561,2156 1561,2096"/>
                    <TextEquiv>
                        <Unicode>.</Unicode>
                    </TextEquiv>
                </Word>
                <TextEquiv>
                    <Unicode>.</Unicode>
                </TextEquiv>
            </TextLine>
            <TextLine id="r1l28" custom="readingOrder {index:27;}">
                <Coords points="747,2339 1519,2349 1573,2329 1573,2273 1503,2259 1454,2289 1371,2261 1265,2316 1063,2271 882,2296 795,2261 747,2276"/>
                <Baseline points="752,2322 792,2322 833,2321 874,2322 915,2322 956,2322 996,2322 1037,2322 1078,2322 1119,2322 1160,2322 1200,2322 1241,2324 1282,2324 1323,2322 1364,2322 1404,2322 1445,2322 1486,2322 1527,2321 1568,2321"/>
                <Word id="r1l28_w1" custom="readingOrder {index:0;}">
                    <Coords points="755,2281 755,2341 946,2341 946,2281"/>
                    <TextEquiv>
                        <Unicode>Anhang:</Unicode>
                    </TextEquiv>
                </Word>
                <Word id="r1l28_w2" custom="readingOrder {index:1;}">
                    <Coords points="971,2282 971,2342 1125,2342 1125,2282"/>
                    <TextEquiv>
                        <Unicode>Einlauf</Unicode>
                    </TextEquiv>
                </Word>
                <Word id="r1l28_w3" custom="readingOrder {index:2;}">
                    <Coords points="1169,2283 1169,2343 1310,2343 1310,2283"/>
                    <TextEquiv>
                        <Unicode>...</Unicode>
                    </TextEquiv>
                </Word>
                <Word id="r1l28_w4" custom="readingOrder {index:3;}">
                    <Coords points="1353,2282 1353,2342 1458,2342 1458,2282"/>
                    <TextEquiv>
                        <Unicode>Seite</Unicode>
                    </TextEquiv>
                </Word>
                <Word id="r1l28_w5" custom="readingOrder {index:4;}">
                    <Coords points="1490,2281 1490,2341 1557,2341 1557,2281"/>
                    <TextEquiv>
                        <Unicode>193</Unicode>
                    </TextEquiv>
                </Word>
                <TextEquiv>
                    <Unicode>Anhang: Einlauf ... Seite 193</Unicode>
                </TextEquiv>
            </TextLine>
            <TextEquiv>
                <Unicode></Unicode>
            </TextEquiv>
        </TextRegion>
    </Page>
</PcGts>
