<?xml version="1.0" encoding="UTF-8" standalone="yes"?>
<PcGts xmlns="http://schema.primaresearch.org/PAGE/gts/pagecontent/2013-07-15" xmlns:xsi="http://www.w3.org/2001/XMLSchema-instance" xsi:schemaLocation="http://schema.primaresearch.org/PAGE/gts/pagecontent/2013-07-15 http://schema.primaresearch.org/PAGE/gts/pagecontent/2013-07-15/pagecontent.xsd">
    <Metadata>
        <Creator>prov=READ-COOP:name=PyLaia@TranskribusPlatform:version=0.6.6:model_id=39995:lm=none:date=11_03_2022_11:01
prov=READ-COOP:name=PyLaia@Transkribus:version=0.6.6:model_id=39995:date=11_03_2022_10:58
prov=University of Rostock/Institute of Mathematics/CITlab|PLANET AI GmbH/Tobias Gruening/tobias.gruening@planet-ai.de:name=de.uros.citlab.module.baseline2polygon.B2PSeamMultiOriented:v=2.6.7</Creator>
        <Created>2022-03-04T11:05:37.681+01:00</Created>
        <LastChange>2022-04-20T10:33:27.824+02:00</LastChange>
        <TranskribusMetadata docId="935394" pageId="35622137" pageNr="110" tsid="80746028" status="DONE" userId="55582" imgUrl="https://files.transkribus.eu/Get?id=BHLCXRDPRLAYVULAAGEFZKSE&amp;fileType=view" xmlUrl="https://files.transkribus.eu/Get?id=SMZMPBSKCLKNKACOEKYYCXGO" imageId="28691377"/>
    </Metadata>
    <Page imageFilename="Protokoll-Zionistenkongress-Basel_1897-0110.jpg" imageWidth="4298" imageHeight="7120">
        <ReadingOrder>
            <OrderedGroup id="ro_1651065860207" caption="Regions reading order">
                <RegionRefIndexed index="0" regionRef="r1"/>
            </OrderedGroup>
        </ReadingOrder>
        <TextRegion orientation="0.0" id="r1" custom="readingOrder {index:0;}">
            <Coords points="334,506 334,2850 3838,2850 3838,506"/>
            <TextLine id="r1l1" custom="readingOrder {index:0;}">
                <Coords points="1851,604 1959,599 1996,633 2165,626 2195,598 2360,587 2355,483 2217,515 2150,465 1984,467 1955,495 1846,504"/>
                <Baseline points="1872,588 1897,586 1923,584 1949,584 1975,584 2001,582 2027,582 2053,582 2079,582 2105,582 2130,582 2156,581 2182,580 2208,578 2234,576 2260,573 2286,569 2312,565 2338,562"/>
                <Word id="r1l1_w1" custom="readingOrder {index:0;}">
                    <Coords points="1861,542 1861,602 2134,602 2134,542"/>
                    <TextEquiv>
                        <Unicode>108</Unicode>
                    </TextEquiv>
                </Word>
                <Word id="r1l1_w2" custom="readingOrder {index:1;}">
                    <Coords points="2278,527 2278,587 2317,587 2317,527"/>
                    <TextEquiv>
                        <Unicode>-</Unicode>
                    </TextEquiv>
                </Word>
                <TextEquiv>
                    <Unicode>108 -</Unicode>
                </TextEquiv>
            </TextLine>
            <TextLine id="r1l2" custom="readingOrder {index:1;}">
                <Coords points="313,900 3212,868 3826,830 3824,734 310,769"/>
                <Baseline points="336,880 509,876 682,872 855,870 1029,866 1202,862 1375,860 1549,856 1722,852 1895,850 2069,846 2242,842 2415,840 2588,836 2762,832 2935,830 3108,826 3282,824 3455,822 3628,818 3802,816"/>
                <Word id="r1l2_w1" custom="readingOrder {index:0;}">
                    <Coords points="323,837 323,897 560,897 560,837"/>
                    <TextEquiv>
                        <Unicode>aber,</Unicode>
                    </TextEquiv>
                </Word>
                <Word id="r1l2_w2" custom="readingOrder {index:1;}">
                    <Coords points="645,831 645,891 846,891 846,831"/>
                    <TextEquiv>
                        <Unicode>dass</Unicode>
                    </TextEquiv>
                </Word>
                <Word id="r1l2_w3" custom="readingOrder {index:2;}">
                    <Coords points="930,826 930,886 1072,886 1072,826"/>
                    <TextEquiv>
                        <Unicode>wir</Unicode>
                    </TextEquiv>
                </Word>
                <Word id="r1l2_w4" custom="readingOrder {index:3;}">
                    <Coords points="1144,821 1144,881 1394,881 1394,821"/>
                    <TextEquiv>
                        <Unicode>unser</Unicode>
                    </TextEquiv>
                </Word>
                <Word id="r1l2_w5" custom="readingOrder {index:4;}">
                    <Coords points="1478,815 1478,875 1668,875 1668,815"/>
                    <TextEquiv>
                        <Unicode>Ziel</Unicode>
                    </TextEquiv>
                </Word>
                <Word id="r1l2_w6" custom="readingOrder {index:5;}">
                    <Coords points="1762,810 1762,870 1942,870 1942,810"/>
                    <TextEquiv>
                        <Unicode>erst</Unicode>
                    </TextEquiv>
                </Word>
                <Word id="r1l2_w7" custom="readingOrder {index:6;}">
                    <Coords points="2025,804 2025,864 2239,864 2239,804"/>
                    <TextEquiv>
                        <Unicode>dann</Unicode>
                    </TextEquiv>
                </Word>
                <Word id="r1l2_w8" custom="readingOrder {index:7;}">
                    <Coords points="2322,797 2322,857 2752,857 2752,797"/>
                    <TextEquiv>
                        <Unicode>erreichen</Unicode>
                    </TextEquiv>
                </Word>
                <Word id="r1l2_w9" custom="readingOrder {index:8;}">
                    <Coords points="2846,787 2846,847 3239,847 3239,787"/>
                    <TextEquiv>
                        <Unicode>werden,</Unicode>
                    </TextEquiv>
                </Word>
                <Word id="r1l2_w10" custom="readingOrder {index:9;}">
                    <Coords points="3323,782 3323,842 3562,842 3562,782"/>
                    <TextEquiv>
                        <Unicode>wenn</Unicode>
                    </TextEquiv>
                </Word>
                <Word id="r1l2_w11" custom="readingOrder {index:10;}">
                    <Coords points="3644,776 3644,836 3798,836 3798,776"/>
                    <TextEquiv>
                        <Unicode>der</Unicode>
                    </TextEquiv>
                </Word>
                <TextEquiv>
                    <Unicode>aber, dass wir unser Ziel erst dann erreichen werden, wenn der</Unicode>
                </TextEquiv>
            </TextLine>
            <TextLine id="r1l3" custom="readingOrder {index:2;}">
                <Coords points="314,1000 3523,991 3819,968 3817,846 312,900"/>
                <Baseline points="336,994 509,992 682,990 855,986 1028,984 1201,980 1374,978 1547,974 1720,971 1893,968 2066,964 2239,962 2412,958 2585,956 2758,952 2931,948 3104,946 3277,942 3450,940 3623,938 3796,934"/>
                <Word id="r1l3_w1" custom="readingOrder {index:0;}">
                    <Coords points="340,951 340,1011 696,1011 696,951"/>
                    <TextEquiv>
                        <Unicode>Wunsch</Unicode>
                    </TextEquiv>
                </Word>
                <Word id="r1l3_w2" custom="readingOrder {index:1;}">
                    <Coords points="773,945 773,1005 965,1005 965,945"/>
                    <TextEquiv>
                        <Unicode>nach</Unicode>
                    </TextEquiv>
                </Word>
                <Word id="r1l3_w3" custom="readingOrder {index:2;}">
                    <Coords points="1042,939 1042,999 1426,999 1426,939"/>
                    <TextEquiv>
                        <Unicode>Freiheit</Unicode>
                    </TextEquiv>
                </Word>
                <Word id="r1l3_w4" custom="readingOrder {index:3;}">
                    <Coords points="1502,933 1502,993 1617,993 1617,933"/>
                    <TextEquiv>
                        <Unicode>die</Unicode>
                    </TextEquiv>
                </Word>
                <Word id="r1l3_w5" custom="readingOrder {index:4;}">
                    <Coords points="1680,929 1680,989 1962,989 1962,929"/>
                    <TextEquiv>
                        <Unicode>Masse</Unicode>
                    </TextEquiv>
                </Word>
                <Word id="r1l3_w6" custom="readingOrder {index:5;}">
                    <Coords points="2039,923 2039,983 2179,983 2179,923"/>
                    <TextEquiv>
                        <Unicode>des</Unicode>
                    </TextEquiv>
                </Word>
                <Word id="r1l3_w7" custom="readingOrder {index:6;}">
                    <Coords points="2255,917 2255,977 2690,977 2690,917"/>
                    <TextEquiv>
                        <Unicode>jüdischen</Unicode>
                    </TextEquiv>
                </Word>
                <Word id="r1l3_w8" custom="readingOrder {index:7;}">
                    <Coords points="2766,908 2766,968 3074,968 3074,908"/>
                    <TextEquiv>
                        <Unicode>Volkes</Unicode>
                    </TextEquiv>
                </Word>
                <Word id="r1l3_w9" custom="readingOrder {index:8;}">
                    <Coords points="3137,899 3137,959 3776,959 3776,899"/>
                    <TextEquiv>
                        <Unicode>durchdrungen</Unicode>
                    </TextEquiv>
                </Word>
                <TextEquiv>
                    <Unicode>Wunsch nach Freiheit die Masse des jüdischen Volkes durchdrungen</Unicode>
                </TextEquiv>
            </TextLine>
            <TextLine id="r1l4" custom="readingOrder {index:3;}">
                <Coords points="323,1156 3827,1076 3825,980 320,1017"/>
                <Baseline points="344,1116 517,1114 690,1110 863,1108 1036,1104 1209,1102 1382,1098 1555,1094 1728,1091 1901,1088 2075,1084 2248,1080 2421,1078 2594,1074 2767,1070 2940,1066 3113,1064 3286,1060 3459,1058 3632,1055 3806,1052"/>
                <Word id="r1l4_w1" custom="readingOrder {index:0;}">
                    <Coords points="335,1074 335,1134 600,1134 600,1074"/>
                    <TextEquiv>
                        <Unicode>haben</Unicode>
                    </TextEquiv>
                </Word>
                <Word id="r1l4_w2" custom="readingOrder {index:1;}">
                    <Coords points="688,1068 688,1128 941,1128 941,1068"/>
                    <TextEquiv>
                        <Unicode>wird.</Unicode>
                    </TextEquiv>
                </Word>
                <Word id="r1l4_w3" custom="readingOrder {index:2;}">
                    <Coords points="1042,1062 1042,1122 1357,1122 1357,1062"/>
                    <TextEquiv>
                        <Unicode>„Wenn</Unicode>
                    </TextEquiv>
                </Word>
                <Word id="r1l4_w4" custom="readingOrder {index:3;}">
                    <Coords points="1447,1053 1447,1113 1750,1113 1750,1053"/>
                    <TextEquiv>
                        <Unicode>unsere</Unicode>
                    </TextEquiv>
                </Word>
                <Word id="r1l4_w5" custom="readingOrder {index:4;}">
                    <Coords points="1826,1043 1826,1103 2344,1103 2344,1043"/>
                    <TextEquiv>
                        <Unicode>vereinigten</Unicode>
                    </TextEquiv>
                </Word>
                <Word id="r1l4_w6" custom="readingOrder {index:5;}">
                    <Coords points="2445,1032 2445,1092 2862,1092 2862,1032"/>
                    <TextEquiv>
                        <Unicode>Wünsche</Unicode>
                    </TextEquiv>
                </Word>
                <Word id="r1l4_w7" custom="readingOrder {index:6;}">
                    <Coords points="2950,1024 2950,1084 3153,1084 3153,1024"/>
                    <TextEquiv>
                        <Unicode>nach</Unicode>
                    </TextEquiv>
                </Word>
                <Word id="r1l4_w8" custom="readingOrder {index:7;}">
                    <Coords points="3241,1018 3241,1078 3646,1078 3646,1018"/>
                    <TextEquiv>
                        <Unicode>Freiheit</Unicode>
                    </TextEquiv>
                </Word>
                <Word id="r1l4_w9" custom="readingOrder {index:8;}">
                    <Coords points="3709,1012 3709,1072 3797,1072 3797,1012"/>
                    <TextEquiv>
                        <Unicode>so</Unicode>
                    </TextEquiv>
                </Word>
                <TextEquiv>
                    <Unicode>haben wird. „Wenn unsere vereinigten Wünsche nach Freiheit so</Unicode>
                </TextEquiv>
            </TextLine>
            <TextLine id="r1l5" custom="readingOrder {index:4;}">
                <Coords points="315,1279 3806,1215 3804,1089 313,1166"/>
                <Baseline points="334,1238 506,1234 679,1230 851,1226 1024,1224 1196,1220 1369,1216 1541,1214 1714,1210 1886,1208 2059,1204 2231,1202 2404,1198 2576,1196 2749,1192 2921,1190 3094,1186 3266,1183 3439,1180 3611,1176 3784,1172"/>
                <Word id="r1l5_w1" custom="readingOrder {index:0;}">
                    <Coords points="327,1195 327,1255 544,1255 544,1195"/>
                    <TextEquiv>
                        <Unicode>stark</Unicode>
                    </TextEquiv>
                </Word>
                <Word id="r1l5_w2" custom="readingOrder {index:1;}">
                    <Coords points="628,1189 628,1249 799,1249 799,1189"/>
                    <TextEquiv>
                        <Unicode>sein</Unicode>
                    </TextEquiv>
                </Word>
                <Word id="r1l5_w3" custom="readingOrder {index:2;}">
                    <Coords points="883,1182 883,1242 1283,1242 1283,1182"/>
                    <TextEquiv>
                        <Unicode>werden,</Unicode>
                    </TextEquiv>
                </Word>
                <Word id="r1l5_w4" custom="readingOrder {index:3;}">
                    <Coords points="1368,1174 1368,1234 1561,1234 1561,1174"/>
                    <TextEquiv>
                        <Unicode>dass</Unicode>
                    </TextEquiv>
                </Word>
                <Word id="r1l5_w5" custom="readingOrder {index:4;}">
                    <Coords points="1647,1169 1647,1229 1792,1229 1792,1169"/>
                    <TextEquiv>
                        <Unicode>wir</Unicode>
                    </TextEquiv>
                </Word>
                <Word id="r1l5_w6" custom="readingOrder {index:5;}">
                    <Coords points="1864,1167 1864,1227 1973,1227 1973,1167"/>
                    <TextEquiv>
                        <Unicode>sie</Unicode>
                    </TextEquiv>
                </Word>
                <Word id="r1l5_w7" custom="readingOrder {index:6;}">
                    <Coords points="2083,1163 2083,1223 2156,1223 2156,1163"/>
                    <TextEquiv>
                        <Unicode>in</Unicode>
                    </TextEquiv>
                </Word>
                <Word id="r1l5_w8" custom="readingOrder {index:7;}">
                    <Coords points="2240,1159 2240,1219 2469,1219 2469,1159"/>
                    <TextEquiv>
                        <Unicode>einen</Unicode>
                    </TextEquiv>
                </Word>
                <Word id="r1l5_w9" custom="readingOrder {index:8;}">
                    <Coords points="2555,1151 2555,1211 3040,1211 3040,1151"/>
                    <TextEquiv>
                        <Unicode>mächtigen</Unicode>
                    </TextEquiv>
                </Word>
                <Word id="r1l5_w10" custom="readingOrder {index:9;}">
                    <Coords points="3124,1141 3124,1201 3548,1201 3548,1141"/>
                    <TextEquiv>
                        <Unicode>Hammer</Unicode>
                    </TextEquiv>
                </Word>
                <Word id="r1l5_w11" custom="readingOrder {index:10;}">
                    <Coords points="3621,1133 3621,1193 3802,1193 3802,1133"/>
                    <TextEquiv>
                        <Unicode>um¬</Unicode>
                    </TextEquiv>
                </Word>
                <TextEquiv>
                    <Unicode>stark sein werden, dass wir sie in einen mächtigen Hammer um¬</Unicode>
                </TextEquiv>
            </TextLine>
            <TextLine id="r1l6" custom="readingOrder {index:5;}">
                <Coords points="329,1383 3781,1322 3806,1221 328,1292"/>
                <Baseline points="350,1356 521,1352 693,1349 865,1346 1037,1342 1209,1340 1380,1336 1552,1334 1724,1330 1896,1328 2068,1324 2239,1322 2411,1318 2583,1316 2755,1312 2927,1310 3098,1306 3270,1304 3442,1300 3614,1296 3786,1294"/>
                <Word id="r1l6_w1" custom="readingOrder {index:0;}">
                    <Coords points="341,1311 341,1371 806,1371 806,1311"/>
                    <TextEquiv>
                        <Unicode>schmieden</Unicode>
                    </TextEquiv>
                </Word>
                <Word id="r1l6_w2" custom="readingOrder {index:1;}">
                    <Coords points="901,1301 901,1361 1273,1361 1273,1301"/>
                    <TextEquiv>
                        <Unicode>könnten</Unicode>
                    </TextEquiv>
                </Word>
                <Word id="r1l6_w3" custom="readingOrder {index:2;}">
                    <Coords points="1356,1296 1356,1356 1392,1356 1392,1296"/>
                    <TextEquiv>
                        <Unicode>—</Unicode>
                    </TextEquiv>
                </Word>
                <Word id="r1l6_w4" custom="readingOrder {index:3;}">
                    <Coords points="1546,1292 1546,1352 1714,1352 1714,1292"/>
                    <TextEquiv>
                        <Unicode>erst</Unicode>
                    </TextEquiv>
                </Word>
                <Word id="r1l6_w5" custom="readingOrder {index:4;}">
                    <Coords points="1785,1288 1785,1348 2001,1348 2001,1288"/>
                    <TextEquiv>
                        <Unicode>dann</Unicode>
                    </TextEquiv>
                </Word>
                <Word id="r1l6_w6" custom="readingOrder {index:5;}">
                    <Coords points="2096,1281 2096,1341 2418,1341 2418,1281"/>
                    <TextEquiv>
                        <Unicode>werden</Unicode>
                    </TextEquiv>
                </Word>
                <Word id="r1l6_w7" custom="readingOrder {index:6;}">
                    <Coords points="2502,1276 2502,1336 2658,1336 2658,1276"/>
                    <TextEquiv>
                        <Unicode>wir</Unicode>
                    </TextEquiv>
                </Word>
                <Word id="r1l6_w8" custom="readingOrder {index:7;}">
                    <Coords points="2729,1271 2729,1331 2860,1331 2860,1271"/>
                    <TextEquiv>
                        <Unicode>die</Unicode>
                    </TextEquiv>
                </Word>
                <Word id="r1l6_w9" custom="readingOrder {index:8;}">
                    <Coords points="2944,1265 2944,1325 3255,1325 3255,1265"/>
                    <TextEquiv>
                        <Unicode>Ketten</Unicode>
                    </TextEquiv>
                </Word>
                <Word id="r1l6_w10" custom="readingOrder {index:9;}">
                    <Coords points="3338,1260 3338,1320 3481,1320 3481,1260"/>
                    <TextEquiv>
                        <Unicode>des</Unicode>
                    </TextEquiv>
                </Word>
                <Word id="r1l6_w11" custom="readingOrder {index:10;}">
                    <Coords points="3554,1255 3554,1315 3803,1315 3803,1255"/>
                    <TextEquiv>
                        <Unicode>Elen¬</Unicode>
                    </TextEquiv>
                </Word>
                <TextEquiv>
                    <Unicode>schmieden könnten — erst dann werden wir die Ketten des Elen¬</Unicode>
                </TextEquiv>
            </TextLine>
            <TextLine id="r1l7" custom="readingOrder {index:6;}">
                <Coords points="336,1501 3210,1493 3832,1455 3830,1325 334,1383"/>
                <Baseline points="358,1474 530,1472 703,1470 875,1468 1048,1466 1221,1464 1393,1460 1566,1458 1738,1454 1911,1452 2084,1448 2256,1445 2429,1442 2601,1438 2774,1434 2947,1432 3119,1428 3292,1424 3464,1420 3637,1418 3810,1414"/>
                <Word id="r1l7_w1" custom="readingOrder {index:0;}">
                    <Coords points="349,1433 349,1493 475,1493 475,1433"/>
                    <TextEquiv>
                        <Unicode>des</Unicode>
                    </TextEquiv>
                </Word>
                <Word id="r1l7_w2" custom="readingOrder {index:1;}">
                    <Coords points="564,1430 564,1490 717,1490 717,1430"/>
                    <TextEquiv>
                        <Unicode>und</Unicode>
                    </TextEquiv>
                </Word>
                <Word id="r1l7_w3" custom="readingOrder {index:2;}">
                    <Coords points="805,1428 805,1488 944,1488 944,1428"/>
                    <TextEquiv>
                        <Unicode>der</Unicode>
                    </TextEquiv>
                </Word>
                <Word id="r1l7_w4" custom="readingOrder {index:3;}">
                    <Coords points="1009,1420 1009,1480 1695,1480 1695,1420"/>
                    <TextEquiv>
                        <Unicode>Erniedrigung,</Unicode>
                    </TextEquiv>
                </Word>
                <Word id="r1l7_w5" custom="readingOrder {index:4;}">
                    <Coords points="1745,1413 1745,1473 1821,1473 1821,1413"/>
                    <TextEquiv>
                        <Unicode>in</Unicode>
                    </TextEquiv>
                </Word>
                <Word id="r1l7_w6" custom="readingOrder {index:5;}">
                    <Coords points="1910,1409 1910,1469 2164,1469 2164,1409"/>
                    <TextEquiv>
                        <Unicode>denen</Unicode>
                    </TextEquiv>
                </Word>
                <Word id="r1l7_w7" custom="readingOrder {index:6;}">
                    <Coords points="2227,1404 2227,1464 2380,1464 2380,1404"/>
                    <TextEquiv>
                        <Unicode>wir</Unicode>
                    </TextEquiv>
                </Word>
                <Word id="r1l7_w8" custom="readingOrder {index:7;}">
                    <Coords points="2431,1397 2431,1457 2837,1457 2837,1397"/>
                    <TextEquiv>
                        <Unicode>stecken,</Unicode>
                    </TextEquiv>
                </Word>
                <Word id="r1l7_w9" custom="readingOrder {index:8;}">
                    <Coords points="2889,1388 2889,1448 3308,1448 3308,1388"/>
                    <TextEquiv>
                        <Unicode>sprengen</Unicode>
                    </TextEquiv>
                </Word>
                <Word id="r1l7_w10" custom="readingOrder {index:9;}">
                    <Coords points="3383,1378 3383,1438 3827,1438 3827,1378"/>
                    <TextEquiv>
                        <Unicode>können“.</Unicode>
                    </TextEquiv>
                </Word>
                <TextEquiv>
                    <Unicode>des und der Erniedrigung, in denen wir stecken, sprengen können“.</Unicode>
                </TextEquiv>
            </TextLine>
            <TextLine id="r1l8" custom="readingOrder {index:7;}">
                <Coords points="342,1661 442,1624 860,1629 907,1597 938,1627 1334,1628 1331,1476 339,1504"/>
                <Baseline points="364,1596 411,1594 458,1594 505,1594 553,1594 600,1592 647,1591 695,1590 742,1588 789,1586 837,1585 884,1584 931,1582 978,1582 1026,1580 1073,1580 1120,1580 1168,1580 1215,1580 1262,1580 1310,1582"/>
                <Word id="r1l8_w1" custom="readingOrder {index:0;}">
                    <Coords points="357,1551 357,1611 870,1611 870,1551"/>
                    <TextEquiv>
                        <Unicode>(Lebhafter</Unicode>
                    </TextEquiv>
                </Word>
                <Word id="r1l8_w2" custom="readingOrder {index:1;}">
                    <Coords points="942,1540 942,1600 1344,1600 1344,1540"/>
                    <TextEquiv>
                        <Unicode>Beifall.)</Unicode>
                    </TextEquiv>
                </Word>
                <TextEquiv>
                    <Unicode>(Lebhafter Beifall.)</Unicode>
                </TextEquiv>
            </TextLine>
            <TextLine id="r1l9" custom="readingOrder {index:8;}">
                <Coords points="620,1745 3846,1694 3783,1564 618,1632"/>
                <Baseline points="642,1716 801,1714 960,1712 1119,1712 1278,1710 1437,1708 1596,1706 1755,1704 1914,1702 2073,1699 2232,1696 2391,1694 2550,1691 2709,1688 2868,1685 3027,1682 3186,1679 3345,1676 3504,1673 3663,1670 3822,1666"/>
                <Word id="r1l9_w1" custom="readingOrder {index:0;}">
                    <Coords points="631,1672 631,1732 1152,1732 1152,1672"/>
                    <TextEquiv>
                        <Unicode>Präsident:</Unicode>
                    </TextEquiv>
                </Word>
                <Word id="r1l9_w2" custom="readingOrder {index:1;}">
                    <Coords points="1233,1669 1233,1729 1395,1729 1395,1669"/>
                    <TextEquiv>
                        <Unicode>Das</Unicode>
                    </TextEquiv>
                </Word>
                <Word id="r1l9_w3" custom="readingOrder {index:2;}">
                    <Coords points="1489,1664 1489,1724 1918,1724 1918,1664"/>
                    <TextEquiv>
                        <Unicode>Programm</Unicode>
                    </TextEquiv>
                </Word>
                <Word id="r1l9_w4" custom="readingOrder {index:3;}">
                    <Coords points="2045,1655 2045,1715 2509,1715 2509,1655"/>
                    <TextEquiv>
                        <Unicode>verspricht</Unicode>
                    </TextEquiv>
                </Word>
                <Word id="r1l9_w5" custom="readingOrder {index:4;}">
                    <Coords points="2590,1645 2590,1705 3101,1705 3101,1645"/>
                    <TextEquiv>
                        <Unicode>Mittheilung</Unicode>
                    </TextEquiv>
                </Word>
                <Word id="r1l9_w6" custom="readingOrder {index:5;}">
                    <Coords points="3205,1637 3205,1697 3332,1697 3332,1637"/>
                    <TextEquiv>
                        <Unicode>des</Unicode>
                    </TextEquiv>
                </Word>
                <Word id="r1l9_w7" custom="readingOrder {index:6;}">
                    <Coords points="3425,1630 3425,1690 3842,1690 3842,1630"/>
                    <TextEquiv>
                        <Unicode>Einlaufs.</Unicode>
                    </TextEquiv>
                </Word>
                <TextEquiv>
                    <Unicode>Präsident: Das Programm verspricht Mittheilung des Einlaufs.</Unicode>
                </TextEquiv>
            </TextLine>
            <TextLine id="r1l10" custom="readingOrder {index:9;}">
                <Coords points="339,1866 3843,1798 3745,1682 336,1710"/>
                <Baseline points="362,1838 534,1836 707,1832 880,1830 1053,1828 1226,1824 1399,1822 1572,1818 1745,1816 1918,1812 2091,1809 2263,1806 2436,1802 2609,1798 2782,1796 2955,1792 3128,1789 3301,1786 3474,1782 3647,1780 3820,1776"/>
                <Word id="r1l10_w1" custom="readingOrder {index:0;}">
                    <Coords points="348,1797 348,1857 493,1857 493,1797"/>
                    <TextEquiv>
                        <Unicode>Der</Unicode>
                    </TextEquiv>
                </Word>
                <Word id="r1l10_w2" custom="readingOrder {index:1;}">
                    <Coords points="549,1791 549,1851 874,1851 874,1791"/>
                    <TextEquiv>
                        <Unicode>Einlauf</Unicode>
                    </TextEquiv>
                </Word>
                <Word id="r1l10_w3" custom="readingOrder {index:2;}">
                    <Coords points="918,1788 918,1848 1074,1848 1074,1788"/>
                    <TextEquiv>
                        <Unicode>war</Unicode>
                    </TextEquiv>
                </Word>
                <Word id="r1l10_w4" custom="readingOrder {index:3;}">
                    <Coords points="1132,1785 1132,1845 1199,1845 1199,1785"/>
                    <TextEquiv>
                        <Unicode>so</Unicode>
                    </TextEquiv>
                </Word>
                <Word id="r1l10_w5" custom="readingOrder {index:4;}">
                    <Coords points="1254,1780 1254,1840 1680,1840 1680,1780"/>
                    <TextEquiv>
                        <Unicode>gewaltig,</Unicode>
                    </TextEquiv>
                </Word>
                <Word id="r1l10_w6" custom="readingOrder {index:5;}">
                    <Coords points="1735,1774 1735,1834 1904,1834 1904,1774"/>
                    <TextEquiv>
                        <Unicode>dass</Unicode>
                    </TextEquiv>
                </Word>
                <Word id="r1l10_w7" custom="readingOrder {index:6;}">
                    <Coords points="1960,1770 1960,1830 2027,1830 2027,1770"/>
                    <TextEquiv>
                        <Unicode>er</Unicode>
                    </TextEquiv>
                </Word>
                <Word id="r1l10_w8" custom="readingOrder {index:7;}">
                    <Coords points="2094,1766 2094,1826 2318,1826 2318,1766"/>
                    <TextEquiv>
                        <Unicode>nicht</Unicode>
                    </TextEquiv>
                </Word>
                <Word id="r1l10_w9" custom="readingOrder {index:8;}">
                    <Coords points="2385,1757 2385,1817 2878,1817 2878,1757"/>
                    <TextEquiv>
                        <Unicode>mitgetheilt</Unicode>
                    </TextEquiv>
                </Word>
                <Word id="r1l10_w10" custom="readingOrder {index:9;}">
                    <Coords points="2945,1749 2945,1809 3236,1809 3236,1749"/>
                    <TextEquiv>
                        <Unicode>werden</Unicode>
                    </TextEquiv>
                </Word>
                <Word id="r1l10_w11" custom="readingOrder {index:10;}">
                    <Coords points="3325,1742 3325,1802 3572,1802 3572,1742"/>
                    <TextEquiv>
                        <Unicode>kann,</Unicode>
                    </TextEquiv>
                </Word>
                <Word id="r1l10_w12" custom="readingOrder {index:11;}">
                    <Coords points="3628,1738 3628,1798 3806,1798 3806,1738"/>
                    <TextEquiv>
                        <Unicode>denn</Unicode>
                    </TextEquiv>
                </Word>
                <TextEquiv>
                    <Unicode>Der Einlauf war so gewaltig, dass er nicht mitgetheilt werden kann, denn</Unicode>
                </TextEquiv>
            </TextLine>
            <TextLine id="r1l11" custom="readingOrder {index:10;}">
                <Coords points="330,1976 3856,1901 3854,1797 329,1875"/>
                <Baseline points="352,1944 526,1942 700,1938 874,1936 1048,1932 1222,1930 1396,1927 1570,1924 1744,1922 1918,1918 2093,1916 2267,1912 2441,1910 2615,1907 2789,1904 2963,1900 3137,1898 3311,1894 3485,1890 3659,1886 3834,1882"/>
                <Word id="r1l11_w1" custom="readingOrder {index:0;}">
                    <Coords points="342,1903 342,1963 411,1963 411,1903"/>
                    <TextEquiv>
                        <Unicode>es</Unicode>
                    </TextEquiv>
                </Word>
                <Word id="r1l11_w2" custom="readingOrder {index:1;}">
                    <Coords points="480,1901 480,1961 644,1961 644,1901"/>
                    <TextEquiv>
                        <Unicode>sind</Unicode>
                    </TextEquiv>
                </Word>
                <Word id="r1l11_w3" custom="readingOrder {index:2;}">
                    <Coords points="725,1896 725,1956 911,1956 911,1896"/>
                    <TextEquiv>
                        <Unicode>über</Unicode>
                    </TextEquiv>
                </Word>
                <Word id="r1l11_w4" custom="readingOrder {index:3;}">
                    <Coords points="981,1891 981,1951 1120,1951 1120,1891"/>
                    <TextEquiv>
                        <Unicode>550</Unicode>
                    </TextEquiv>
                </Word>
                <Word id="r1l11_w5" custom="readingOrder {index:4;}">
                    <Coords points="1202,1885 1202,1945 1795,1945 1795,1885"/>
                    <TextEquiv>
                        <Unicode>Telegramme,</Unicode>
                    </TextEquiv>
                </Word>
                <Word id="r1l11_w6" custom="readingOrder {index:5;}">
                    <Coords points="1841,1871 1841,1931 2736,1931 2736,1871"/>
                    <TextEquiv>
                        <Unicode>Zustimmungsbriefe,</Unicode>
                    </TextEquiv>
                </Word>
                <Word id="r1l11_w7" custom="readingOrder {index:6;}">
                    <Coords points="2795,1859 2795,1919 3271,1919 3271,1859"/>
                    <TextEquiv>
                        <Unicode>Vorschläge</Unicode>
                    </TextEquiv>
                </Word>
                <Word id="r1l11_w8" custom="readingOrder {index:7;}">
                    <Coords points="3354,1852 3354,1912 3435,1912 3435,1852"/>
                    <TextEquiv>
                        <Unicode>u.</Unicode>
                    </TextEquiv>
                </Word>
                <Word id="r1l11_w9" custom="readingOrder {index:8;}">
                    <Coords points="3469,1848 3469,1908 3644,1908 3644,1848"/>
                    <TextEquiv>
                        <Unicode>dgl.</Unicode>
                    </TextEquiv>
                </Word>
                <Word id="r1l11_w10" custom="readingOrder {index:9;}">
                    <Coords points="3691,1843 3691,1903 3829,1903 3829,1843"/>
                    <TextEquiv>
                        <Unicode>Die</Unicode>
                    </TextEquiv>
                </Word>
                <TextEquiv>
                    <Unicode>es sind über 550 Telegramme, Zustimmungsbriefe, Vorschläge u. dgl. Die</Unicode>
                </TextEquiv>
            </TextLine>
            <TextLine id="r1l12" custom="readingOrder {index:11;}">
                <Coords points="339,2097 3812,2017 3840,1907 336,1971"/>
                <Baseline points="360,2052 532,2050 705,2047 878,2044 1051,2042 1224,2038 1397,2036 1570,2032 1743,2030 1916,2026 2089,2022 2261,2020 2434,2016 2607,2014 2780,2010 2953,2006 3126,2004 3299,2000 3472,1997 3645,1994 3818,1990"/>
                <Word id="r1l12_w1" custom="readingOrder {index:0;}">
                    <Coords points="348,2007 348,2067 996,2067 996,2007"/>
                    <TextEquiv>
                        <Unicode>eingegangenen</Unicode>
                    </TextEquiv>
                </Word>
                <Word id="r1l12_w2" custom="readingOrder {index:1;}">
                    <Coords points="1063,1997 1063,2057 1500,2057 1500,1997"/>
                    <TextEquiv>
                        <Unicode>Petitionen</Unicode>
                    </TextEquiv>
                </Word>
                <Word id="r1l12_w3" custom="readingOrder {index:2;}">
                    <Coords points="1589,1989 1589,2049 1947,2049 1947,1989"/>
                    <TextEquiv>
                        <Unicode>verfügen</Unicode>
                    </TextEquiv>
                </Word>
                <Word id="r1l12_w4" custom="readingOrder {index:3;}">
                    <Coords points="2015,1981 2015,2041 2205,2041 2205,1981"/>
                    <TextEquiv>
                        <Unicode>über</Unicode>
                    </TextEquiv>
                </Word>
                <Word id="r1l12_w5" custom="readingOrder {index:4;}">
                    <Coords points="2262,1977 2262,2037 2451,2037 2451,1977"/>
                    <TextEquiv>
                        <Unicode>etwa</Unicode>
                    </TextEquiv>
                </Word>
                <Word id="r1l12_w6" custom="readingOrder {index:5;}">
                    <Coords points="2508,1973 2508,2033 2788,2033 2788,1973"/>
                    <TextEquiv>
                        <Unicode>50.000</Unicode>
                    </TextEquiv>
                </Word>
                <Word id="r1l12_w7" custom="readingOrder {index:6;}">
                    <Coords points="2855,1962 2855,2022 3537,2022 3537,1962"/>
                    <TextEquiv>
                        <Unicode>Unterschriften.</Unicode>
                    </TextEquiv>
                </Word>
                <Word id="r1l12_w8" custom="readingOrder {index:7;}">
                    <Coords points="3583,1952 3583,2012 3828,2012 3828,1952"/>
                    <TextEquiv>
                        <Unicode>Jeder</Unicode>
                    </TextEquiv>
                </Word>
                <TextEquiv>
                    <Unicode>eingegangenen Petitionen verfügen über etwa 50.000 Unterschriften. Jeder</Unicode>
                </TextEquiv>
            </TextLine>
            <TextLine id="r1l13" custom="readingOrder {index:12;}">
                <Coords points="337,2180 3763,2137 3857,2022 335,2097"/>
                <Baseline points="360,2160 533,2158 707,2154 881,2152 1055,2148 1229,2146 1403,2142 1577,2139 1751,2136 1925,2132 2099,2130 2272,2126 2446,2123 2620,2120 2794,2116 2968,2113 3142,2110 3316,2106 3490,2102 3664,2098 3838,2096"/>
                <Word id="r1l13_w1" custom="readingOrder {index:0;}">
                    <Coords points="346,2116 346,2176 839,2176 839,2116"/>
                    <TextEquiv>
                        <Unicode>Augenblick</Unicode>
                    </TextEquiv>
                </Word>
                <Word id="r1l13_w2" custom="readingOrder {index:1;}">
                    <Coords points="939,2107 939,2167 1213,2167 1213,2107"/>
                    <TextEquiv>
                        <Unicode>bringt</Unicode>
                    </TextEquiv>
                </Word>
                <Word id="r1l13_w3" custom="readingOrder {index:2;}">
                    <Coords points="1278,2101 1278,2161 1542,2161 1542,2101"/>
                    <TextEquiv>
                        <Unicode>immer</Unicode>
                    </TextEquiv>
                </Word>
                <Word id="r1l13_w4" custom="readingOrder {index:3;}">
                    <Coords points="1607,2096 1607,2156 1794,2156 1794,2096"/>
                    <TextEquiv>
                        <Unicode>noch</Unicode>
                    </TextEquiv>
                </Word>
                <Word id="r1l13_w5" custom="readingOrder {index:4;}">
                    <Coords points="1871,2091 1871,2151 2069,2151 2069,2091"/>
                    <TextEquiv>
                        <Unicode>neue</Unicode>
                    </TextEquiv>
                </Word>
                <Word id="r1l13_w6" custom="readingOrder {index:5;}">
                    <Coords points="2134,2084 2134,2144 2584,2144 2584,2084"/>
                    <TextEquiv>
                        <Unicode>Depeschen</Unicode>
                    </TextEquiv>
                </Word>
                <Word id="r1l13_w7" custom="readingOrder {index:6;}">
                    <Coords points="2683,2076 2683,2136 2826,2136 2826,2076"/>
                    <TextEquiv>
                        <Unicode>aus</Unicode>
                    </TextEquiv>
                </Word>
                <Word id="r1l13_w8" custom="readingOrder {index:7;}">
                    <Coords points="2891,2072 2891,2132 3089,2132 3089,2072"/>
                    <TextEquiv>
                        <Unicode>allen</Unicode>
                    </TextEquiv>
                </Word>
                <Word id="r1l13_w9" custom="readingOrder {index:8;}">
                    <Coords points="3177,2065 3177,2125 3495,2125 3495,2065"/>
                    <TextEquiv>
                        <Unicode>Theilen</Unicode>
                    </TextEquiv>
                </Word>
                <Word id="r1l13_w10" custom="readingOrder {index:9;}">
                    <Coords points="3571,2057 3571,2117 3834,2117 3834,2057"/>
                    <TextEquiv>
                        <Unicode>beider</Unicode>
                    </TextEquiv>
                </Word>
                <TextEquiv>
                    <Unicode>Augenblick bringt immer noch neue Depeschen aus allen Theilen beider</Unicode>
                </TextEquiv>
            </TextLine>
            <TextLine id="r1l14" custom="readingOrder {index:13;} place {offset:31; length:10;}">
                <Coords points="354,2267 3855,2243 3852,2121 353,2180"/>
                <Baseline points="376,2262 548,2262 721,2260 894,2258 1066,2255 1239,2252 1412,2250 1584,2248 1757,2244 1930,2241 2103,2238 2275,2234 2448,2232 2621,2228 2793,2224 2966,2220 3139,2218 3311,2214 3484,2210 3657,2207 3830,2204"/>
                <Word id="r1l14_w1" custom="readingOrder {index:0;}">
                    <Coords points="365,2222 365,2282 712,2282 712,2222"/>
                    <TextEquiv>
                        <Unicode>Welten,</Unicode>
                    </TextEquiv>
                </Word>
                <Word id="r1l14_w2" custom="readingOrder {index:1;}">
                    <Coords points="768,2218 768,2278 1015,2278 1015,2218"/>
                    <TextEquiv>
                        <Unicode>woran</Unicode>
                    </TextEquiv>
                </Word>
                <Word id="r1l14_w3" custom="readingOrder {index:2;}">
                    <Coords points="1093,2211 1093,2271 1408,2271 1408,2211"/>
                    <TextEquiv>
                        <Unicode>sowohl</Unicode>
                    </TextEquiv>
                </Word>
                <Word id="r1l14_w4" custom="readingOrder {index:3;}">
                    <Coords points="1452,2208 1452,2268 1699,2268 1699,2208"/>
                    <TextEquiv>
                        <Unicode>Nord-</Unicode>
                    </TextEquiv>
                </Word>
                <Word id="r1l14_w5" custom="readingOrder {index:4;}">
                    <Coords points="1744,2203 1744,2263 1857,2263 1857,2203"/>
                    <TextEquiv>
                        <Unicode>als</Unicode>
                    </TextEquiv>
                </Word>
                <Word id="r1l14_w6" custom="readingOrder {index:5;}">
                    <Coords points="1912,2196 1912,2256 2417,2256 2417,2196"/>
                    <TextEquiv>
                        <Unicode>Südamerika</Unicode>
                    </TextEquiv>
                </Word>
                <Word id="r1l14_w7" custom="readingOrder {index:6;}">
                    <Coords points="2473,2187 2473,2247 2809,2247 2809,2187"/>
                    <TextEquiv>
                        <Unicode>Antheil</Unicode>
                    </TextEquiv>
                </Word>
                <Word id="r1l14_w8" custom="readingOrder {index:7;}">
                    <Coords points="2854,2179 2854,2239 3146,2239 3146,2179"/>
                    <TextEquiv>
                        <Unicode>haben.</Unicode>
                    </TextEquiv>
                </Word>
                <Word id="r1l14_w9" custom="readingOrder {index:8;}">
                    <Coords points="3202,2174 3202,2234 3347,2234 3347,2174"/>
                    <TextEquiv>
                        <Unicode>Die</Unicode>
                    </TextEquiv>
                </Word>
                <Word id="r1l14_w10" custom="readingOrder {index:9;}">
                    <Coords points="3404,2167 3404,2227 3830,2227 3830,2167"/>
                    <TextEquiv>
                        <Unicode>wenigsten</Unicode>
                    </TextEquiv>
                </Word>
                <TextEquiv>
                    <Unicode>Welten, woran sowohl Nord- als Südamerika Antheil haben. Die wenigsten</Unicode>
                </TextEquiv>
            </TextLine>
            <TextLine id="r1l15" custom="readingOrder {index:14;}">
                <Coords points="354,2401 3837,2345 3835,2241 3664,2222 352,2288"/>
                <Baseline points="376,2376 547,2372 719,2370 891,2368 1063,2364 1235,2362 1406,2360 1578,2356 1750,2354 1922,2350 2094,2348 2265,2344 2437,2341 2609,2338 2781,2334 2953,2330 3124,2327 3296,2323 3468,2319 3640,2314 3812,2310"/>
                <Word id="r1l15_w1" custom="readingOrder {index:0;}">
                    <Coords points="364,2331 364,2391 809,2391 809,2331"/>
                    <TextEquiv>
                        <Unicode>Depeschen</Unicode>
                    </TextEquiv>
                </Word>
                <Word id="r1l15_w2" custom="readingOrder {index:1;}">
                    <Coords points="888,2324 888,2384 1156,2384 1156,2324"/>
                    <TextEquiv>
                        <Unicode>tragen</Unicode>
                    </TextEquiv>
                </Word>
                <Word id="r1l15_w3" custom="readingOrder {index:2;}">
                    <Coords points="1234,2318 1234,2378 1747,2378 1747,2318"/>
                    <TextEquiv>
                        <Unicode>individuelle</Unicode>
                    </TextEquiv>
                </Word>
                <Word id="r1l15_w4" custom="readingOrder {index:3;}">
                    <Coords points="1825,2306 1825,2366 2506,2366 2506,2306"/>
                    <TextEquiv>
                        <Unicode>Unterschriften,</Unicode>
                    </TextEquiv>
                </Word>
                <Word id="r1l15_w5" custom="readingOrder {index:4;}">
                    <Coords points="2562,2297 2562,2357 2674,2357 2674,2297"/>
                    <TextEquiv>
                        <Unicode>die</Unicode>
                    </TextEquiv>
                </Word>
                <Word id="r1l15_w6" custom="readingOrder {index:5;}">
                    <Coords points="2741,2291 2741,2351 3053,2351 3053,2291"/>
                    <TextEquiv>
                        <Unicode>meisten</Unicode>
                    </TextEquiv>
                </Word>
                <Word id="r1l15_w7" custom="readingOrder {index:6;}">
                    <Coords points="3132,2283 3132,2343 3378,2343 3378,2283"/>
                    <TextEquiv>
                        <Unicode>gehen</Unicode>
                    </TextEquiv>
                </Word>
                <Word id="r1l15_w8" custom="readingOrder {index:7;}">
                    <Coords points="3466,2277 3466,2337 3588,2337 3588,2277"/>
                    <TextEquiv>
                        <Unicode>von</Unicode>
                    </TextEquiv>
                </Word>
                <Word id="r1l15_w9" custom="readingOrder {index:8;}">
                    <Coords points="3656,2271 3656,2331 3847,2331 3847,2271"/>
                    <TextEquiv>
                        <Unicode>Ver¬</Unicode>
                    </TextEquiv>
                </Word>
                <TextEquiv>
                    <Unicode>Depeschen tragen individuelle Unterschriften, die meisten gehen von Ver¬</Unicode>
                </TextEquiv>
            </TextLine>
            <TextLine id="r1l16" custom="readingOrder {index:15;}">
                <Coords points="342,2519 3851,2473 3849,2360 340,2415"/>
                <Baseline points="362,2482 535,2480 708,2478 882,2476 1055,2474 1229,2471 1402,2468 1575,2466 1749,2462 1922,2458 2096,2455 2269,2452 2442,2448 2616,2444 2789,2442 2963,2438 3136,2434 3309,2432 3483,2428 3656,2425 3830,2422"/>
                <Word id="r1l16_w1" custom="readingOrder {index:0;}">
                    <Coords points="351,2438 351,2498 933,2498 933,2438"/>
                    <TextEquiv>
                        <Unicode>sammlungen,</Unicode>
                    </TextEquiv>
                </Word>
                <Word id="r1l16_w2" custom="readingOrder {index:1;}">
                    <Coords points="976,2432 976,2492 1338,2492 1338,2432"/>
                    <TextEquiv>
                        <Unicode>Vereinen</Unicode>
                    </TextEquiv>
                </Word>
                <Word id="r1l16_w3" custom="readingOrder {index:2;}">
                    <Coords points="1414,2427 1414,2487 1491,2487 1491,2427"/>
                    <TextEquiv>
                        <Unicode>u.</Unicode>
                    </TextEquiv>
                </Word>
                <Word id="r1l16_w4" custom="readingOrder {index:3;}">
                    <Coords points="1525,2426 1525,2486 1590,2486 1590,2426"/>
                    <TextEquiv>
                        <Unicode>s.</Unicode>
                    </TextEquiv>
                </Word>
                <Word id="r1l16_w5" custom="readingOrder {index:4;}">
                    <Coords points="1623,2423 1623,2483 1732,2483 1732,2423"/>
                    <TextEquiv>
                        <Unicode>w.</Unicode>
                    </TextEquiv>
                </Word>
                <Word id="r1l16_w6" custom="readingOrder {index:5;}">
                    <Coords points="1765,2419 1765,2479 1941,2479 1941,2419"/>
                    <TextEquiv>
                        <Unicode>aus.</Unicode>
                    </TextEquiv>
                </Word>
                <Word id="r1l16_w7" custom="readingOrder {index:6;}">
                    <Coords points="1984,2414 1984,2474 2270,2474 2270,2414"/>
                    <TextEquiv>
                        <Unicode>Dieser</Unicode>
                    </TextEquiv>
                </Word>
                <Word id="r1l16_w8" custom="readingOrder {index:7;}">
                    <Coords points="2335,2407 2335,2467 2577,2467 2577,2407"/>
                    <TextEquiv>
                        <Unicode>ganze</Unicode>
                    </TextEquiv>
                </Word>
                <Word id="r1l16_w9" custom="readingOrder {index:8;}">
                    <Coords points="2653,2401 2653,2461 2983,2461 2983,2401"/>
                    <TextEquiv>
                        <Unicode>Einlauf</Unicode>
                    </TextEquiv>
                </Word>
                <Word id="r1l16_w10" custom="readingOrder {index:9;}">
                    <Coords points="3049,2393 3049,2453 3234,2453 3234,2393"/>
                    <TextEquiv>
                        <Unicode>wird</Unicode>
                    </TextEquiv>
                </Word>
                <Word id="r1l16_w11" custom="readingOrder {index:10;}">
                    <Coords points="3312,2390 3312,2450 3421,2450 3421,2390"/>
                    <TextEquiv>
                        <Unicode>bis</Unicode>
                    </TextEquiv>
                </Word>
                <Word id="r1l16_w12" custom="readingOrder {index:11;}">
                    <Coords points="3487,2384 3487,2444 3861,2444 3861,2384"/>
                    <TextEquiv>
                        <Unicode>morgen,</Unicode>
                    </TextEquiv>
                </Word>
                <TextEquiv>
                    <Unicode>sammlungen, Vereinen u. s. w. aus. Dieser ganze Einlauf wird bis morgen,</Unicode>
                </TextEquiv>
            </TextLine>
            <TextLine id="r1l17" custom="readingOrder {index:16;}">
                <Coords points="365,2628 3752,2589 3850,2474 363,2528"/>
                <Baseline points="384,2588 556,2588 728,2586 900,2584 1072,2582 1245,2580 1417,2578 1589,2574 1761,2571 1933,2568 2106,2564 2278,2560 2450,2556 2622,2553 2794,2550 2967,2546 3139,2542 3311,2540 3483,2538 3655,2535 3828,2534"/>
                <Word id="r1l17_w1" custom="readingOrder {index:0;}">
                    <Coords points="375,2548 375,2608 580,2608 580,2548"/>
                    <TextEquiv>
                        <Unicode>wenn</Unicode>
                    </TextEquiv>
                </Word>
                <Word id="r1l17_w2" custom="readingOrder {index:1;}">
                    <Coords points="670,2544 670,2604 1058,2604 1058,2544"/>
                    <TextEquiv>
                        <Unicode>möglich,</Unicode>
                    </TextEquiv>
                </Word>
                <Word id="r1l17_w3" custom="readingOrder {index:2;}">
                    <Coords points="1126,2538 1126,2598 1559,2598 1559,2538"/>
                    <TextEquiv>
                        <Unicode>geordnet,</Unicode>
                    </TextEquiv>
                </Word>
                <Word id="r1l17_w4" custom="readingOrder {index:3;}">
                    <Coords points="1627,2532 1627,2592 1764,2592 1764,2532"/>
                    <TextEquiv>
                        <Unicode>und</Unicode>
                    </TextEquiv>
                </Word>
                <Word id="r1l17_w5" custom="readingOrder {index:4;}">
                    <Coords points="1867,2527 1867,2587 2026,2587 2026,2527"/>
                    <TextEquiv>
                        <Unicode>soll</Unicode>
                    </TextEquiv>
                </Word>
                <Word id="r1l17_w6" custom="readingOrder {index:5;}">
                    <Coords points="2094,2522 2094,2582 2288,2582 2288,2522"/>
                    <TextEquiv>
                        <Unicode>über</Unicode>
                    </TextEquiv>
                </Word>
                <Word id="r1l17_w7" custom="readingOrder {index:6;}">
                    <Coords points="2356,2516 2356,2576 2470,2576 2470,2516"/>
                    <TextEquiv>
                        <Unicode>ihn</Unicode>
                    </TextEquiv>
                </Word>
                <Word id="r1l17_w8" custom="readingOrder {index:7;}">
                    <Coords points="2551,2510 2551,2570 3029,2570 3029,2510"/>
                    <TextEquiv>
                        <Unicode>ausführlich</Unicode>
                    </TextEquiv>
                </Word>
                <Word id="r1l17_w9" custom="readingOrder {index:8;}">
                    <Coords points="3108,2499 3108,2559 3621,2559 3621,2499"/>
                    <TextEquiv>
                        <Unicode>Mittheilung</Unicode>
                    </TextEquiv>
                </Word>
                <Word id="r1l17_w10" custom="readingOrder {index:9;}">
                    <Coords points="3700,2494 3700,2554 3836,2554 3836,2494"/>
                    <TextEquiv>
                        <Unicode>ge-</Unicode>
                    </TextEquiv>
                </Word>
                <TextEquiv>
                    <Unicode>wenn möglich, geordnet, und soll über ihn ausführlich Mittheilung ge-</Unicode>
                </TextEquiv>
            </TextLine>
            <TextLine id="r1l18" custom="readingOrder {index:17;}">
                <Coords points="340,2722 1080,2728 1079,2628 909,2595 861,2622 687,2636 643,2598 604,2624 556,2603 509,2638 339,2627"/>
                <Baseline points="362,2696 396,2696 431,2696 466,2696 500,2696 535,2696 570,2694 604,2694 639,2694 674,2692 709,2692 743,2691 778,2690 813,2690 847,2690 882,2690 917,2690 951,2690 986,2692 1021,2692 1056,2694"/>
                <Word id="r1l18_w1" custom="readingOrder {index:0;}">
                    <Coords points="350,2656 350,2716 626,2716 626,2656"/>
                    <TextEquiv>
                        <Unicode>macht</Unicode>
                    </TextEquiv>
                </Word>
                <Word id="r1l18_w2" custom="readingOrder {index:1;}">
                    <Coords points="691,2650 691,2710 1077,2710 1077,2650"/>
                    <TextEquiv>
                        <Unicode>werden.</Unicode>
                    </TextEquiv>
                </Word>
                <TextEquiv>
                    <Unicode>macht werden.</Unicode>
                </TextEquiv>
            </TextLine>
            <TextLine id="r1l19" custom="readingOrder {index:18;}">
                <Coords points="615,2861 1168,2897 1424,2841 1808,2862 2099,2827 2098,2740 1723,2675 1523,2739 1205,2704 613,2752"/>
                <Baseline points="638,2822 710,2822 782,2822 854,2822 926,2822 998,2822 1070,2821 1142,2820 1214,2820 1286,2818 1358,2818 1430,2816 1502,2814 1574,2814 1646,2812 1718,2810 1790,2809 1862,2808 1934,2806 2006,2805 2078,2804"/>
                <Word id="r1l19_w1" custom="readingOrder {index:0;}">
                    <Coords points="627,2782 627,2842 762,2842 762,2782"/>
                    <TextEquiv>
                        <Unicode>Die</Unicode>
                    </TextEquiv>
                </Word>
                <Word id="r1l19_w2" custom="readingOrder {index:1;}">
                    <Coords points="836,2781 836,2841 1170,2841 1170,2781"/>
                    <TextEquiv>
                        <Unicode>Sitzung</Unicode>
                    </TextEquiv>
                </Word>
                <Word id="r1l19_w3" custom="readingOrder {index:2;}">
                    <Coords points="1255,2778 1255,2838 1442,2838 1442,2778"/>
                    <TextEquiv>
                        <Unicode>wird</Unicode>
                    </TextEquiv>
                </Word>
                <Word id="r1l19_w4" custom="readingOrder {index:3;}">
                    <Coords points="1528,2768 1528,2828 2095,2828 2095,2768"/>
                    <TextEquiv>
                        <Unicode>geschlossen.</Unicode>
                    </TextEquiv>
                </Word>
                <TextEquiv>
                    <Unicode>Die Sitzung wird geschlossen.</Unicode>
                </TextEquiv>
            </TextLine>
            <TextEquiv>
                <Unicode></Unicode>
            </TextEquiv>
        </TextRegion>
    </Page>
</PcGts>
