<?xml version="1.0" encoding="UTF-8" standalone="yes"?>
<PcGts xmlns="http://schema.primaresearch.org/PAGE/gts/pagecontent/2013-07-15" xmlns:xsi="http://www.w3.org/2001/XMLSchema-instance" xsi:schemaLocation="http://schema.primaresearch.org/PAGE/gts/pagecontent/2013-07-15 http://schema.primaresearch.org/PAGE/gts/pagecontent/2013-07-15/pagecontent.xsd">
    <Metadata>
        <Creator>prov=READ-COOP:name=PyLaia@TranskribusPlatform:version=0.6.6:model_id=39995:lm=none:date=11_03_2022_11:00
prov=READ-COOP:name=PyLaia@Transkribus:version=0.6.6:model_id=39995:date=11_03_2022_10:56
prov=University of Rostock/Institute of Mathematics/CITlab|PLANET AI GmbH/Tobias Gruening/tobias.gruening@planet-ai.de:name=de.uros.citlab.module.baseline2polygon.B2PSeamMultiOriented:v=2.6.7</Creator>
        <Created>2022-03-04T11:05:31.742+01:00</Created>
        <LastChange>2022-04-20T10:31:49.774+02:00</LastChange>
        <TranskribusMetadata docId="935394" pageId="35622016" pageNr="1" tsid="80746006" status="DONE" userId="100217" imgUrl="https://files.transkribus.eu/Get?id=YIBQKHSAWTJVURBAIRRZDMOX&amp;fileType=view" xmlUrl="https://files.transkribus.eu/Get?id=KGPOZBJWETNJJKAJNUZWNJCQ" imageId="28691256"/>
    </Metadata>
    <Page imageFilename="Protokoll-Zionistenkongress-Basel_1897-0001.jpg" imageWidth="2147" imageHeight="3583">
        <ReadingOrder>
            <OrderedGroup id="ro_1651065859152" caption="Regions reading order">
                <RegionRefIndexed index="0" regionRef="r1"/>
            </OrderedGroup>
        </ReadingOrder>
        <TextRegion orientation="0.0" id="r1" custom="readingOrder {index:0;}">
            <Coords points="107,757 107,3037 1839,3037 1839,757"/>
            <TextLine id="r1l1" custom="readingOrder {index:0;}">
                <Coords points="97,825 1850,805 1827,667 97,675"/>
                <Baseline points="107,797 193,797 280,797 366,797 453,795 540,795 626,794 713,794 799,792 886,792 973,791 1059,791 1146,789 1232,789 1319,789 1406,789 1492,789 1579,789 1665,791 1752,791 1839,792"/>
                <Word id="r1l1_w1" custom="readingOrder {index:0;}">
                    <Coords points="126,751 126,811 1818,811 1818,751"/>
                    <TextEquiv>
                        <Unicode>ZIONISTEN-CONGRESS</Unicode>
                    </TextEquiv>
                </Word>
                <TextEquiv>
                    <Unicode>ZIONISTEN-CONGRESS</Unicode>
                </TextEquiv>
            </TextLine>
            <TextLine id="r1l2" custom="readingOrder {index:1;}">
                <Coords points="953,1035 968,1035 973,1031 981,1031 986,1035 1009,1035 1009,964 968,964 964,960 953,960"/>
                <Baseline points="963,1007 999,1007"/>
                <Word id="r1l2_w1" custom="readingOrder {index:0;}">
                    <Coords points="949,967 949,1027 988,1027 988,967"/>
                    <TextEquiv>
                        <Unicode>IN</Unicode>
                    </TextEquiv>
                </Word>
                <TextEquiv>
                    <Unicode>IN</Unicode>
                </TextEquiv>
            </TextLine>
            <TextLine id="r1l3" custom="readingOrder {index:2;} place {offset:0; length:5;}">
                <Coords points="753,1297 1193,1296 1194,1166 754,1176"/>
                <Baseline points="765,1266 791,1267 817,1268 843,1269 869,1269 895,1269 921,1269 947,1271 973,1271 999,1271 1025,1271 1051,1271 1077,1271 1103,1271 1129,1271 1155,1271 1182,1272"/>
                <Word id="r1l3_w1" custom="readingOrder {index:0;}">
                    <Coords points="774,1231 774,1291 1138,1291 1138,1231"/>
                    <TextEquiv>
                        <Unicode>BASEL</Unicode>
                    </TextEquiv>
                </Word>
                <TextEquiv>
                    <Unicode>BASEL</Unicode>
                </TextEquiv>
            </TextLine>
            <TextLine id="r1l4" custom="readingOrder {index:3;}">
                <Coords points="511,1521 1410,1525 1428,1430 511,1438"/>
                <Baseline points="522,1502 566,1502 611,1502 656,1500 700,1500 745,1500 790,1499 834,1499 879,1499 924,1497 969,1497 1013,1497 1058,1497 1103,1497 1147,1497 1192,1499 1237,1499 1281,1500 1326,1502 1371,1503 1416,1505"/>
                <Word id="r1l4_w1" custom="readingOrder {index:0;}">
                    <Coords points="527,1462 527,1522 617,1522 617,1462"/>
                    <TextEquiv>
                        <Unicode>(29.</Unicode>
                    </TextEquiv>
                </Word>
                <Word id="r1l4_w2" custom="readingOrder {index:1;}">
                    <Coords points="654,1460 654,1520 734,1520 734,1460"/>
                    <TextEquiv>
                        <Unicode>30.</Unicode>
                    </TextEquiv>
                </Word>
                <Word id="r1l4_w3" custom="readingOrder {index:2;}">
                    <Coords points="761,1459 761,1519 851,1519 851,1459"/>
                    <TextEquiv>
                        <Unicode>UND</Unicode>
                    </TextEquiv>
                </Word>
                <Word id="r1l4_w4" custom="readingOrder {index:3;}">
                    <Coords points="906,1457 906,1517 968,1517 968,1457"/>
                    <TextEquiv>
                        <Unicode>3I.</Unicode>
                    </TextEquiv>
                </Word>
                <Word id="r1l4_w5" custom="readingOrder {index:4;}">
                    <Coords points="995,1457 995,1517 1248,1517 1248,1457"/>
                    <TextEquiv>
                        <Unicode>AUGUST</Unicode>
                    </TextEquiv>
                </Word>
                <Word id="r1l4_w6" custom="readingOrder {index:5;}">
                    <Coords points="1292,1462 1292,1522 1427,1522 1427,1462"/>
                    <TextEquiv>
                        <Unicode>1897)</Unicode>
                    </TextEquiv>
                </Word>
                <TextEquiv>
                    <Unicode>(29. 30. UND 3I. AUGUST 1897)</Unicode>
                </TextEquiv>
            </TextLine>
            <TextLine id="r1l5" custom="readingOrder {index:4;}">
                <Coords points="293,2003 1650,1999 1674,1885 688,1844 294,1875"/>
                <Baseline points="305,1959 372,1962 440,1964 508,1966 576,1967 644,1968 712,1968 779,1968 847,1968 915,1968 983,1968 1051,1968 1119,1967 1187,1967 1254,1967 1322,1967 1390,1967 1458,1968 1526,1968 1594,1970 1662,1973"/>
                <Word id="r1l5_w1" custom="readingOrder {index:0;}">
                    <Coords points="313,1927 313,1987 951,1987 951,1927"/>
                    <TextEquiv>
                        <Unicode>OFFICIELLES</Unicode>
                    </TextEquiv>
                </Word>
                <Word id="r1l5_w2" custom="readingOrder {index:1;}">
                    <Coords points="1013,1927 1013,1987 1636,1987 1636,1927"/>
                    <TextEquiv>
                        <Unicode>PROTOCOLL</Unicode>
                    </TextEquiv>
                </Word>
                <TextEquiv>
                    <Unicode>OFFICIELLES PROTOCOLL</Unicode>
                </TextEquiv>
            </TextLine>
            <TextLine id="r1l6" custom="readingOrder {index:5;}">
                <Coords points="909,2377 1022,2380 1086,2319 1099,2317 1102,2228 1002,2221 993,2230 967,2225 947,2239 939,2230 913,2227"/>
                <Baseline points="923,2295 950,2300 978,2303 1005,2304 1033,2303 1060,2301 1088,2303"/>
                <Word id="r1l6_w1" custom="readingOrder {index:0;}">
                    <Coords points="933,2263 933,2323 1112,2323 1112,2263"/>
                    <TextEquiv>
                        <Unicode>o.</Unicode>
                    </TextEquiv>
                </Word>
                <TextEquiv>
                    <Unicode>o.</Unicode>
                </TextEquiv>
            </TextLine>
            <TextLine id="r1l7" custom="readingOrder {index:6;} place {offset:0; length:4;}">
                <Coords points="820,2960 854,2978 917,2962 995,2967 1019,2955 1041,2962 1063,2954 1086,2971 1110,2948 1126,2948 1127,2888 1040,2886 1029,2897 821,2891"/>
                <Baseline points="830,2940 855,2942 881,2943 907,2943 933,2945 959,2945 985,2943 1011,2943 1037,2945 1063,2945 1089,2947 1115,2949"/>
                <Word id="r1l7_w1" custom="readingOrder {index:0;}">
                    <Coords points="826,2903 826,2963 986,2963 986,2903"/>
                    <TextEquiv>
                        <Unicode>WIEN,</Unicode>
                    </TextEquiv>
                </Word>
                <Word id="r1l7_w2" custom="readingOrder {index:1;}">
                    <Coords points="1013,2905 1013,2965 1127,2965 1127,2905"/>
                    <TextEquiv>
                        <Unicode>1898.</Unicode>
                    </TextEquiv>
                </Word>
                <TextEquiv>
                    <Unicode>WIEN, 1898.</Unicode>
                </TextEquiv>
            </TextLine>
            <TextLine id="r1l8" custom="readingOrder {index:7;}">
                <Coords points="1176,2981 1233,2985 1233,2736 1176,2736"/>
                <Baseline points="1188,2972 1221,2972"/>
                <TextEquiv>
                    <Unicode></Unicode>
                </TextEquiv>
            </TextLine>
            <TextLine id="r1l9" custom="readingOrder {index:8;} place {offset:21; length:11;}">
                <Coords points="494,3025 1450,3044 1451,2942 1241,2951 1208,2983 1128,2947 855,2977 788,2945 496,2945"/>
                <Baseline points="506,3002 552,3003 599,3005 646,3006 692,3006 739,3008 786,3009 832,3009 879,3011 926,3011 973,3012 1019,3012 1066,3012 1113,3014 1159,3014 1206,3015 1253,3015 1299,3017 1346,3018 1393,3020 1440,3021"/>
                <Word id="r1l9_w1" custom="readingOrder {index:0;}">
                    <Coords points="501,2964 501,3024 681,3024 681,2964"/>
                    <TextEquiv>
                        <Unicode>VERLAG</Unicode>
                    </TextEquiv>
                </Word>
                <Word id="r1l9_w2" custom="readingOrder {index:1;}">
                    <Coords points="716,2968 716,3028 797,3028 797,2968"/>
                    <TextEquiv>
                        <Unicode>DES</Unicode>
                    </TextEquiv>
                </Word>
                <Word id="r1l9_w3" custom="readingOrder {index:2;}">
                    <Coords points="832,2971 832,3031 1056,3031 1056,2971"/>
                    <TextEquiv>
                        <Unicode>VEREINES</Unicode>
                    </TextEquiv>
                </Word>
                <Word id="r1l9_w4" custom="readingOrder {index:3;}">
                    <Coords points="1093,2974 1093,3034 1218,3034 1218,2974"/>
                    <TextEquiv>
                        <Unicode>;EREZ</Unicode>
                    </TextEquiv>
                </Word>
                <Word id="r1l9_w5" custom="readingOrder {index:4;}">
                    <Coords points="1244,2977 1244,3037 1406,3037 1406,2977"/>
                    <TextEquiv>
                        <Unicode>ISRAEL</Unicode>
                    </TextEquiv>
                </Word>
                <TextEquiv>
                    <Unicode>VERLAG DES VEREINES ;EREZ ISRAEL</Unicode>
                </TextEquiv>
            </TextLine>
            <TextEquiv>
                <Unicode></Unicode>
            </TextEquiv>
        </TextRegion>
    </Page>
</PcGts>
